variable,field_type,validation,identifier
acid_reflux,checkbox,,
acoustic_task_cohort,text,,
acoustic_task_completed_at,text,,y
acoustic_task_duration,text,number,
acoustic_task_id,text,,
acoustic_task_language,radio,,
acoustic_task_name,text,,
acoustic_task_origin,radio,,
acoustic_task_session_id,text,,
acoustic_task_started_at,text,,y
acoustic_task_status,radio,,
acoustic_task_via,radio,,
active,radio,,
add_adhd,radio,,
adhd_completed_at,text,,y
adhd_duration,text,number,
adhd_language,radio,,
adhd_med_hist_psychological,checkbox,,
adhd_origin,radio,,
adhd_session_id,text,,
adhd_started_at,text,,y
adhd_via,radio,,
afraid,radio,,
afraid_of_things,radio,,
age,text,,
age_start_smoking,text,number,
age_started_using_nicotine_products,text,number,
age_stop_smoking,text,number,
age_stopped_using_nicotine_products,text,number,
agitated,radio,,
airway_stenosis,radio,,
airway_stenosis_med_hist_throat,checkbox,,
airway_surgery_reconstruction,radio,,
alcohol_amt,radio,,
alcohol_amt_v2,radio,,
alcohol_drinks,radio,,
alcohol_freq,radio,,
alcohol_freq_v2,radio,,
alcohol_rehab,radio,,
alcohol_subst_abuse,radio,,
alcohol_substance_use_disorder,checkbox,,
alcohol_today,yesno,,
alcohol_today_v2,radio,,
alcohol_yn,radio,,
alert,radio,,
allergy_medications,radio,,
als,radio,,
alz_dementia_mci,radio,,
analgesics,radio,,
androgenic_steroids,radio,,
anti_anxiety_medication,radio,,
antibiotics,radio,,
anticholergenics,radio,,
antidepressants,radio,,
antiepileptics,radio,,
anxiety_disorder,checkbox,,
anxiety_nervousness,radio,,
any_dental_condition,radio,,
any_dental_condition_specify,text,,
any_infectious_disease,radio,,
any_infectious_disease_specify,text,,
api_updates_on_behalf_of,text,email,y
apraxia_of_speech,radio,,
asd,radio,,
asd_med_hist_psychological,checkbox,,
ashamed,radio,,
asian_race,checkbox,,
ask_whats_wrong_voice,radio,,
assistance_programs_ca,checkbox,,
assistance_programs_usa,checkbox,,
asthma,radio,,
asthma_med_hist_lung,radio,,
ataxia,radio,,
atrial_fibrillation,radio,,
attentive,radio,,
autism,radio,,
average_number_of_uses_each_day,text,number,
average_used_nicotine_over_entire_time,radio,,
avoidance,radio,,
avoiding_reminders,radio,,
avoiding_situations,radio,,
benign_cord_lesion,radio,,
bipolar,radio,,
bipolar_disorder,checkbox,,
black_race,checkbox,,
blood_pressure_medications,radio,,
botox_injections,checkbox,,
bpd,radio,,
bpd_med_hist_psychological,checkbox,,
brain_cancer,checkbox,,
brain_tumor,radio,,
breathe_today,radio,,
breathe_today_difficulty,radio,,
bronchiectasis,radio,,
c_pap,checkbox,,
caffeine_intake,text,number,
caffeine_intake_today,text,number,
canadian_race,checkbox,,
cant_control_worry,radio,,
cardiac_condition,text,,
careless,radio,,
chemotherapy,checkbox,,
chest_surgery,radio,,
chest_wall_trauma,radio,,
children,radio,,
chronic_cough,radio,,
chronic_cough_med_hist_throat,checkbox,,
chronic_ear_infections,radio,,
chronic_ear_surgery,radio,,
chronic_kidney_disease,radio,,
chronic_pericarditis,radio,,
circulatory_conditions,checkbox,,
circulatory_med_history,checkbox,,
citizen,radio,,
city,text,,y
cleft_lip,radio,,
cleft_palate,radio,,
club_drugs,radio,,
cocaine,radio,,
cochlear_implant,radio,,
cognition,radio,,
colorblind,radio,,
concentrated,radio,,
cond_sel_prompt,descriptive,,
confounders_completed_at,text,,y
confounders_duration,text,number,
confounders_language,radio,,
confounders_origin,radio,,
confounders_session_id,text,,
confounders_started_at,text,,y
confounders_via,radio,,
confusion,radio,,
congestive_heart_failure,radio,,
consent_date,text,date_mdy,y
consent_method,radio,,
consent_mit_date_en_v2,text,date_ymd,y
consent_mit_name_en_v2,text,,y
consent_mit_p1,descriptive,,
consent_mit_p1_en_v2,descriptive,,
consent_mit_p1_es_v2,descriptive,,
consent_mit_p2_en_v2,descriptive,,
consent_mit_p2_es_v2,descriptive,,
consent_mit_p3_en_v2,descriptive,,
consent_mit_p3_es_v2,descriptive,,
consent_mit_p4_es_v2,descriptive,,
consent_mit_signature_en_v2,file,signature,y
consent_status,radio,,
consent_wcm_p1_es_v1,descriptive,,
consent_wcm_p2_es_v1,descriptive,,
consent_wcm_p3_es_v1,descriptive,,
consent_wcm_p4_es_v1,descriptive,,
consent_wcm_p5_es_v1,descriptive,,
contact_info_stored,yesno,,
contact_participant,radio,,
contraceptive_birth_control,radio,,
copd,radio,,
copd_med_hist_lung,radio,,
cordotomy_arytenoidectomy_arytenoid_tie_back,radio,,
coronary_heart_disease,radio,,
cough_today,radio,,
cough_today_severity,radio,,
coughing_clearing_throat,radio,,
country,dropdown,,
covid,checkbox,,
covid_med_hist_lung,radio,,
covid_past,radio,,
covid_tested_positive_last_10_days,radio,,
cpap_conditions,checkbox,,
craniofacial_trauma,radio,,
current_neuro_dx,radio,,
current_recovery_alcohol,yesno,,
current_recovery_alcohol_v2,radio,,
current_substance_use_recovery,radio,,
current_use_nicotine_products,radio,,
currently_considered_obese,radio,,
currently_have_diabetes,radio,,
currently_pregnant,radio,,
custom_affect_scale_completed_at,text,,y
custom_affect_scale_duration,text,number,
custom_affect_scale_language,radio,,
custom_affect_scale_origin,radio,,
custom_affect_scale_session_id,text,,
custom_affect_scale_started_at,text,,y
custom_affect_scale_via,radio,,
daily_env_pollution_affects_your_breathing_voice,radio,,
decongestants,radio,,
deep_brain_stimulator,checkbox,,
demographics_completed_at,text,,y
demographics_completed_by,checkbox,,
demographics_duration,text,number,
demographics_language,radio,,
demographics_origin,radio,,
demographics_session_id,text,,
demographics_started_at,text,,y
demographics_via,radio,,
dental_problems,yesno,,
dental_tx,text,,
depression,radio,,
depression_major_depressive_disorder,checkbox,,
describe_the_severity_of_a,slider,number,
desire_to_escape,radio,,
determined,radio,,
di_air_in,radio,,
di_breathing_stresses_me,radio,,
di_breathing_worse_stress,radio,,
di_effort_breathe,radio,,
di_exercise,radio,,
di_restrict_personal_social_life,radio,,
di_sound_breathing_in,radio,,
di_strain,radio,,
di_tightness_throat,radio,,
di_weather_changes,radio,,
diabetes_type,radio,,
diagnois_bl_gsd,radio,,
diagnois_gi_gsd,radio,,
diagnois_lc_gsd_sll,radio,,
diagnois_pl_gsd_bp,radio,,
diagnois_pl_gsd_ls,radio,,
diagnosis_ad_active_psy_med_prob_other,text,,
diagnosis_ad_active_psy_med_problems,checkbox,,
diagnosis_ad_current_medication,notes,,
diagnosis_ad_describe_psychotherapy,notes,,
diagnosis_ad_hist_psy_med_prob_other,text,,
diagnosis_ad_hist_psy_med_problems,checkbox,,
diagnosis_ad_last_anxious_episode,text,date_ymd,
diagnosis_ad_prescribed_medication,radio,,
diagnosis_ad_previous_medication,notes,,
diagnosis_ad_see_mental_health_professional,radio,,
diagnosis_als_cp,checkbox,,
diagnosis_als_disease_subtype,radio,,
diagnosis_als_disease_subtype_familial,text,,
diagnosis_als_dp,radio,,
diagnosis_als_etiology,checkbox,,
diagnosis_als_etiology_environmental_factors,text,,
diagnosis_als_etiology_genetic_factors,checkbox,,
diagnosis_als_etiology_genetic_factors_other,text,,
diagnosis_als_gsd,radio,,
diagnosis_als_gsd_calculation,text,,
diagnosis_als_gsd_category_1,radio,,
diagnosis_als_gsd_category_2,radio,,
diagnosis_als_gsd_category_3,radio,,
diagnosis_als_gsd_confirmation_method,checkbox,,
diagnosis_als_idt_emg_ncs,text,,
diagnosis_als_idt_genetic_testing,text,,
diagnosis_als_idt_lumbar_puncture,text,,
diagnosis_als_idt_mri,file,,
diagnosis_als_idt_other,text,,
diagnosis_als_na_alsfrs_r_score,text,,
diagnosis_als_na_fvc_percentage,text,,
diagnosis_als_na_other,text,,
diagnosis_als_treatment_and_management,radio,,
diagnosis_als_treatment_and_management_yes,checkbox,,
diagnosis_als_treatment_and_management_yes_medications,checkbox,,
diagnosis_als_treatment_and_management_yes_medications_other,text,,
diagnosis_als_treatment_and_management_yes_supportive_care,checkbox,,
diagnosis_als_treatment_and_management_yes_supportive_care_other,text,,
diagnosis_alz_dementia_mci_ca_adas_cog_score,text,,
diagnosis_alz_dementia_mci_ca_mmse_score,text,,
diagnosis_alz_dementia_mci_ca_moca_score,text,,
diagnosis_alz_dementia_mci_ca_other,text,,
diagnosis_alz_dementia_mci_ca_other_score,text,,
diagnosis_alz_dementia_mci_ca_rudas_score,text,,
diagnosis_alz_dementia_mci_causes,radio,,
diagnosis_alz_dementia_mci_ds,checkbox,,
diagnosis_alz_dementia_mci_ds_cdr,radio,,
diagnosis_alz_dementia_mci_dt,radio,,
diagnosis_alz_dementia_mci_dt_other,text,,
diagnosis_alz_dementia_mci_etiology,checkbox,,
diagnosis_alz_dementia_mci_etiology_gf,checkbox,,
diagnosis_alz_dementia_mci_etiology_gf_other,text,,
diagnosis_alz_dementia_mci_etiology_other,text,,
diagnosis_alz_dementia_mci_etiology_other_medical_conditions,text,,
diagnosis_alz_dementia_mci_gsd,radio,,
diagnosis_alz_dementia_mci_gsd_clinical_history,text,,
diagnosis_alz_dementia_mci_gsd_cognitive_testing,text,,
diagnosis_alz_dementia_mci_gsd_confirmation_method,checkbox,,
diagnosis_alz_dementia_mci_gsd_confirmation_method_other,text,,
diagnosis_alz_dementia_mci_gsd_functional_inventory,text,,
diagnosis_alz_dementia_mci_gsd_other_investigations,text,,
diagnosis_alz_dementia_mci_treatment_obtained,radio,,
diagnosis_alz_dementia_mci_treatment_obtained_yes,checkbox,,
diagnosis_alz_dementia_mci_treatment_obtained_yes_medications,checkbox,,
diagnosis_alz_dementia_mci_treatment_obtained_yes_medications_other,text,,
diagnosis_alz_dementia_mci_treatment_obtained_yes_npi,checkbox,,
diagnosis_alz_dementia_mci_treatment_obtained_yes_npi_other,text,,
diagnosis_as_as,radio,,
diagnosis_as_as_c,radio,,
diagnosis_as_as_s,radio,,
diagnosis_as_ds,radio,,
diagnosis_as_ds_ac,radio,,
diagnosis_as_ds_ac_grade_4,radio,,
diagnosis_as_ds_ac_ref,descriptive,,
diagnosis_as_ds_agw,radio,,
diagnosis_as_ds_bc,radio,,
diagnosis_as_ds_bc_ref,descriptive,,
diagnosis_as_ds_bvfi_gs,radio,,
diagnosis_as_ds_bvfi_gs_other,text,,
diagnosis_as_ds_cc_ref,descriptive,,
diagnosis_as_ds_ccsr,radio,,
diagnosis_as_ds_eps,slider,number,
diagnosis_as_ds_mcg,radio,,
diagnosis_as_ds_mcg_ref,descriptive,,
diagnosis_as_ds_mluas,notes,,
diagnosis_as_ds_ods,radio,,
diagnosis_as_etiology,radio,,
diagnosis_as_etiology_auto_immune,radio,,
diagnosis_as_etiology_other,text,,
diagnosis_as_gsd,radio,,
diagnosis_as_gsd_yes,checkbox,,
diagnosis_as_pft,radio,,
diagnosis_as_pft_document,file,,
diagnosis_as_treatment,checkbox,,
diagnosis_as_treatment_in_office,checkbox,,
diagnosis_as_treatment_surgery,checkbox,,
diagnosis_as_treatment_surgery_other,text,,
diagnosis_bipolar_active_problems,text,,
diagnosis_bipolar_active_problems_depression,text,,
diagnosis_bipolar_current_med_therapies,text,,
diagnosis_bipolar_current_med_therapies_depression,text,,
diagnosis_bipolar_etiology,text,,
diagnosis_bipolar_etiology_depression,text,,
diagnosis_bipolar_former_med_therapies,text,,
diagnosis_bipolar_former_med_therapies_depression,text,,
diagnosis_bipolar_gsd,radio,,
diagnosis_bipolar_gsd_interview,yesno,,
diagnosis_bipolar_gsd_oqu,yesno,,
diagnosis_bipolar_gsd_oqu_other,text,,
diagnosis_bipolar_gsd_oquw,radio,,
diagnosis_bipolar_history_problems,text,,
diagnosis_bipolar_history_problems_depression,text,,
diagnosis_bipolar_psychotic,radio,,
diagnosis_bipolar_psychotic_depression,radio,,
diagnosis_bipolar_severity,radio,,
diagnosis_bipolar_severity_depression,radio,,
diagnosis_bipolar_subtype_active,radio,,
diagnosis_bipolar_subtype_active_depression,radio,,
diagnosis_bl_degree_b_1,slider,number,
diagnosis_bl_degree_b_2,radio,,
diagnosis_bl_degree_comments,radio,,
diagnosis_bl_degree_comments_other,text,,
diagnosis_bl_degree_comments_other_2,text,,
diagnosis_bl_degree_l_1,slider,number,
diagnosis_bl_degree_l_2,radio,,
diagnosis_bl_degree_l_nature,text,,
diagnosis_bl_degree_legend,descriptive,,
diagnosis_bl_degree_os_1,slider,number,
diagnosis_bl_degree_os_2,radio,,
diagnosis_bl_degree_p_1,slider,number,
diagnosis_bl_degree_p_2,radio,,
diagnosis_bl_degree_p_nature,text,,
diagnosis_bl_degree_r_1,slider,number,
diagnosis_bl_degree_r_2,radio,,
diagnosis_bl_degree_s_1,slider,number,
diagnosis_bl_degree_s_2,radio,,
diagnosis_bl_degree_text,descriptive,,
diagnosis_bl_ds,radio,,
diagnosis_bl_ds_ll,radio,,
diagnosis_bl_ds_other,text,,
diagnosis_bl_etiology,radio,,
diagnosis_bl_etiology_other,text,,
diagnosis_bl_treatment,radio,,
diagnosis_bl_treatment_lm,radio,,
diagnosis_bl_treatment_other,text,,
diagnosis_bl_treatment_select,checkbox,,
diagnosis_c_ac,radio,,
diagnosis_c_ac_specified,text,,
diagnosis_ca_10_pack_year_tobacco_cigarette,radio,,
diagnosis_ca_absolute_eosinophil_count,text,number,
diagnosis_ca_act_score,radio,,
diagnosis_ca_asthma,radio,,
diagnosis_ca_asthma_has_subtype,radio,,
diagnosis_ca_asthma_probability,radio,,
diagnosis_ca_asthma_subtype,checkbox,,
diagnosis_ca_asthma_subtype_other,text,,
diagnosis_ca_ats_ers_criteria_fev1,radio,,
diagnosis_ca_ats_ers_criteria_fvc,radio,,
diagnosis_ca_cat_score,text,integer,
diagnosis_ca_copd,radio,,
diagnosis_ca_copd_asthma,radio,,
diagnosis_ca_copd_subtype,checkbox,,
diagnosis_ca_current_smoker,radio,,
diagnosis_ca_environmental_allergy_history,radio,,
diagnosis_ca_feno_value,text,number,
diagnosis_ca_feno_within_12_months,radio,,
diagnosis_ca_fev1,slider,number,
diagnosis_ca_gold_group,radio,,
diagnosis_ca_ics_dosage,radio,,
diagnosis_ca_mmrc_grade_score,text,integer,
diagnosis_ca_moderate_exacerbations_count,text,integer,
diagnosis_ca_pft_file,file,,y
diagnosis_ca_pft_lung,radio,,
diagnosis_ca_pft_within_6_months,radio,,
diagnosis_ca_pharmacologic_treatment,checkbox,,
diagnosis_ca_pulmonary_symptoms,checkbox,,
diagnosis_ca_responsiveness_criteria,radio,,
diagnosis_ca_restrictive,radio,,
diagnosis_ca_severe_exacerbations_count,text,integer,
diagnosis_ca_significant_inhalation_exposure_history,radio,,
diagnosis_ca_significant_inhalation_exposure_history_explanation,checkbox,,
diagnosis_ca_significant_inhalation_exposure_history_explanation_other,text,,
diagnosis_ca_spirometry_ce,radio,,
diagnosis_ca_spirometry_test,radio,,
diagnosis_ca_spirometry_verification,radio,,
diagnosis_degree_b,slider,number,
diagnosis_degree_b_2,radio,,
diagnosis_degree_comments,radio,,
diagnosis_degree_comments_other,text,,
diagnosis_degree_comments_other_2,text,,
diagnosis_degree_l,slider,number,
diagnosis_degree_l_2,radio,,
diagnosis_degree_l_nature,text,,
diagnosis_degree_os,slider,number,
diagnosis_degree_os_2,radio,,
diagnosis_degree_p,slider,number,
diagnosis_degree_p_2,radio,,
diagnosis_degree_p_nature,text,,
diagnosis_degree_r,slider,number,
diagnosis_degree_r_2,radio,,
diagnosis_degree_s,slider,number,
diagnosis_degree_s_2,radio,,
diagnosis_depression_clinical_subcategory,radio,,
diagnosis_depression_gsd,radio,,
diagnosis_depression_gsd_interview,yesno,,
diagnosis_depression_gsd_oqu,yesno,,
diagnosis_depression_gsd_oqu_other,text,,
diagnosis_depression_gsd_oquw,radio,,
diagnosis_diagnosed_ad,radio,,
diagnosis_diagnosed_ad_selection,radio,,
diagnosis_gi_d,radio,,
diagnosis_gi_d_aoc,radio,,
diagnosis_gi_d_aoc_other,text,,
diagnosis_gi_d_other,text,,
diagnosis_gi_degree_b_1,slider,number,
diagnosis_gi_degree_b_2,radio,,
diagnosis_gi_degree_comments,radio,,
diagnosis_gi_degree_comments_other,text,,
diagnosis_gi_degree_comments_other_2,text,,
diagnosis_gi_degree_l_1,slider,number,
diagnosis_gi_degree_l_2,radio,,
diagnosis_gi_degree_l_nature,text,,
diagnosis_gi_degree_legend,descriptive,,
diagnosis_gi_degree_os_1,slider,number,
diagnosis_gi_degree_os_2,radio,,
diagnosis_gi_degree_p_1,slider,number,
diagnosis_gi_degree_p_2,radio,,
diagnosis_gi_degree_p_nature,text,,
diagnosis_gi_degree_r_1,slider,number,
diagnosis_gi_degree_r_2,radio,,
diagnosis_gi_degree_s_1,slider,number,
diagnosis_gi_degree_s_2,radio,,
diagnosis_gi_degree_text,descriptive,,
diagnosis_gi_dogg,radio,,
diagnosis_gi_slogg,checkbox,,
diagnosis_gi_treatment,radio,,
diagnosis_gi_treatment_other,text,,
diagnosis_gi_treatment_select,checkbox,,
diagnosis_hd_gsd,radio,,
diagnosis_hd_gsd_confirmation_method,checkbox,,
diagnosis_l_acute_or_chronic,radio,,
diagnosis_l_degree_b_1,slider,number,
diagnosis_l_degree_b_2,radio,,
diagnosis_l_degree_comments,radio,,
diagnosis_l_degree_comments_other,text,,
diagnosis_l_degree_comments_other_2,text,,
diagnosis_l_degree_l_1,slider,number,
diagnosis_l_degree_l_2,radio,,
diagnosis_l_degree_l_nature,text,,
diagnosis_l_degree_legend,descriptive,,
diagnosis_l_degree_os_1,slider,number,
diagnosis_l_degree_os_2,radio,,
diagnosis_l_degree_p_1,slider,number,
diagnosis_l_degree_p_2,radio,,
diagnosis_l_degree_p_nature,text,,
diagnosis_l_degree_r_1,slider,number,
diagnosis_l_degree_r_2,radio,,
diagnosis_l_degree_s_1,slider,number,
diagnosis_l_degree_s_2,radio,,
diagnosis_l_degree_text,descriptive,,
diagnosis_l_determined_by,checkbox,,
diagnosis_l_determined_by_other,text,,
diagnosis_l_etiology,checkbox,,
diagnosis_l_etiology_ei,checkbox,,
diagnosis_l_etiology_ei_oi,text,,
diagnosis_l_etiology_infection,checkbox,,
diagnosis_l_etiology_other,text,,
diagnosis_l_gsd,radio,,
diagnosis_l_sd,text,integer,
diagnosis_l_sd_known,radio,,
diagnosis_l_treatment,radio,,
diagnosis_l_treatment_mt,checkbox,,
diagnosis_l_treatment_mt_other,text,,
diagnosis_l_treatment_select,checkbox,,
diagnosis_lc_degree_b_1,slider,number,
diagnosis_lc_degree_b_2,radio,,
diagnosis_lc_degree_comments,radio,,
diagnosis_lc_degree_comments_other,text,,
diagnosis_lc_degree_comments_other_2,text,,
diagnosis_lc_degree_l_1,slider,number,
diagnosis_lc_degree_l_2,radio,,
diagnosis_lc_degree_l_nature,text,,
diagnosis_lc_degree_legend,descriptive,,
diagnosis_lc_degree_os_1,slider,number,
diagnosis_lc_degree_os_2,radio,,
diagnosis_lc_degree_p_1,slider,number,
diagnosis_lc_degree_p_2,radio,,
diagnosis_lc_degree_p_nature,text,,
diagnosis_lc_degree_r_1,slider,number,
diagnosis_lc_degree_r_2,radio,,
diagnosis_lc_degree_s_1,slider,number,
diagnosis_lc_degree_s_2,radio,,
diagnosis_lc_degree_text,descriptive,,
diagnosis_lc_ds,checkbox,,
diagnosis_lc_ds_m_stage,radio,,
diagnosis_lc_ds_n_ref,descriptive,,
diagnosis_lc_ds_n_stage,radio,,
diagnosis_lc_ds_t_ref,descriptive,,
diagnosis_lc_ds_t_stage,radio,,
diagnosis_lc_etiology,checkbox,,
diagnosis_lc_etiology_other,text,,
diagnosis_lc_gsd,radio,,
diagnosis_lc_gsd_bpr,radio,,
diagnosis_lc_gsd_confirmation_method,checkbox,,
diagnosis_lc_gsd_uots,checkbox,,
diagnosis_lc_treatment,radio,,
diagnosis_lc_treatment_other,text,,
diagnosis_lc_treatment_s,checkbox,,
diagnosis_lc_treatment_select,checkbox,,
diagnosis_ld_assessment,checkbox,,
diagnosis_ld_degree_b_1,slider,number,
diagnosis_ld_degree_b_2,radio,,
diagnosis_ld_degree_comments,radio,,
diagnosis_ld_degree_comments_other,text,,
diagnosis_ld_degree_comments_other_2,text,,
diagnosis_ld_degree_l_1,slider,number,
diagnosis_ld_degree_l_2,radio,,
diagnosis_ld_degree_l_nature,text,,
diagnosis_ld_degree_legend,descriptive,,
diagnosis_ld_degree_os_1,slider,number,
diagnosis_ld_degree_os_2,radio,,
diagnosis_ld_degree_p_1,slider,number,
diagnosis_ld_degree_p_2,radio,,
diagnosis_ld_degree_p_nature,text,,
diagnosis_ld_degree_r_1,slider,number,
diagnosis_ld_degree_r_2,radio,,
diagnosis_ld_degree_s_1,slider,number,
diagnosis_ld_degree_s_2,radio,,
diagnosis_ld_degree_text,descriptive,,
diagnosis_ld_ds,checkbox,,
diagnosis_ld_etiology,radio,,
diagnosis_ld_etiology_cc,checkbox,,
diagnosis_ld_etiology_cc_other,text,,
diagnosis_ld_etiology_other,text,,
diagnosis_ld_gsd,radio,,
diagnosis_ld_qete,checkbox,,
diagnosis_ld_treatment,radio,,
diagnosis_ld_treatment_bi_li,text,number,
diagnosis_ld_treatment_other,text,,
diagnosis_ld_treatment_select,checkbox,,
diagnosis_mtd_degree_b_1,slider,number,
diagnosis_mtd_degree_b_2,radio,,
diagnosis_mtd_degree_comments,radio,,
diagnosis_mtd_degree_comments_other,text,,
diagnosis_mtd_degree_comments_other_2,text,,
diagnosis_mtd_degree_l_1,slider,number,
diagnosis_mtd_degree_l_2,radio,,
diagnosis_mtd_degree_l_nature,text,,
diagnosis_mtd_degree_legend,descriptive,,
diagnosis_mtd_degree_os_1,slider,number,
diagnosis_mtd_degree_os_2,radio,,
diagnosis_mtd_degree_p_1,slider,number,
diagnosis_mtd_degree_p_2,radio,,
diagnosis_mtd_degree_p_nature,text,,
diagnosis_mtd_degree_r_1,slider,number,
diagnosis_mtd_degree_r_2,radio,,
diagnosis_mtd_degree_s_1,slider,number,
diagnosis_mtd_degree_s_2,radio,,
diagnosis_mtd_degree_text,descriptive,,
diagnosis_mtd_ds,radio,,
diagnosis_mtd_etiology,checkbox,,
diagnosis_mtd_etiology_other,text,,
diagnosis_mtd_gsd,radio,,
diagnosis_mtd_gsd_assessments,checkbox,,
diagnosis_mtd_gsd_evaluations,checkbox,,
diagnosis_mtd_gsd_evaluations_2,checkbox,,
diagnosis_mtd_treatment,radio,,
diagnosis_mtd_treatment_other,text,,
diagnosis_mtd_treatment_select,checkbox,,
diagnosis_parkinsons_current_treatment_obtained,radio,,
diagnosis_parkinsons_current_treatment_obtained_yes,checkbox,,
diagnosis_parkinsons_current_treatment_obtained_yes_medications,checkbox,,
diagnosis_parkinsons_current_treatment_obtained_yes_medications_other,text,,
diagnosis_parkinsons_current_treatment_obtained_yes_npi,checkbox,,
diagnosis_parkinsons_current_treatment_obtained_yes_npi_dbs,checkbox,,
diagnosis_parkinsons_current_treatment_obtained_yes_npi_dbs_other,text,,
diagnosis_parkinsons_current_treatment_obtained_yes_npi_other,text,,
diagnosis_parkinsons_disease_subtype,radio,,
diagnosis_parkinsons_disease_subtype_other,text,,
diagnosis_parkinsons_ds,radio,,
diagnosis_parkinsons_etiology,radio,,
diagnosis_parkinsons_etiology_ef,text,,
diagnosis_parkinsons_etiology_fpd,text,,
diagnosis_parkinsons_gsd,radio,,
diagnosis_parkinsons_gsd_calculation,text,,
diagnosis_parkinsons_gsd_category_1,checkbox,,
diagnosis_parkinsons_gsd_category_1_calculation,text,,
diagnosis_parkinsons_gsd_category_2,checkbox,,
diagnosis_parkinsons_gsd_category_2_calculation,text,,
diagnosis_parkinsons_gsd_category_3,checkbox,,
diagnosis_parkinsons_gsd_category_3_calculation,text,,
diagnosis_parkinsons_ma,checkbox,,
diagnosis_parkinsons_ma_other,text,,
diagnosis_parkinsons_ma_updrs_part_i_score,text,,
diagnosis_parkinsons_ma_updrs_part_ii_score,text,,
diagnosis_parkinsons_ma_updrs_part_iii_score,text,,
diagnosis_parkinsons_ma_updrs_part_iv_score,text,,
diagnosis_parkinsons_ma_uprds,radio,,
diagnosis_parkinsons_non_motor_symptoms,radio,,
diagnosis_parkinsons_non_motor_symptoms_yes,text,,
diagnosis_parkinsons_treatment_obtained,radio,,
diagnosis_parkinsons_treatment_obtained_yes,checkbox,,
diagnosis_parkinsons_treatment_obtained_yes_medications,checkbox,,
diagnosis_parkinsons_treatment_obtained_yes_medications_other,text,,
diagnosis_parkinsons_treatment_obtained_yes_npi,checkbox,,
diagnosis_parkinsons_treatment_obtained_yes_npi_other,text,,
diagnosis_pl_degree_b_1,slider,number,
diagnosis_pl_degree_b_2,radio,,
diagnosis_pl_degree_comments,radio,,
diagnosis_pl_degree_comments_other,text,,
diagnosis_pl_degree_comments_other_2,text,,
diagnosis_pl_degree_l_1,slider,number,
diagnosis_pl_degree_l_2,radio,,
diagnosis_pl_degree_l_nature,text,,
diagnosis_pl_degree_legend,descriptive,,
diagnosis_pl_degree_os_1,slider,number,
diagnosis_pl_degree_os_2,radio,,
diagnosis_pl_degree_p_1,slider,number,
diagnosis_pl_degree_p_2,radio,,
diagnosis_pl_degree_p_nature,text,,
diagnosis_pl_degree_r_1,slider,number,
diagnosis_pl_degree_r_2,radio,,
diagnosis_pl_degree_s_1,slider,number,
diagnosis_pl_degree_s_2,radio,,
diagnosis_pl_degree_text,descriptive,,
diagnosis_pl_ds,checkbox,,
diagnosis_pl_ds_e,radio,,
diagnosis_pl_ds_e_wd_g,radio,,
diagnosis_pl_ds_k,radio,,
diagnosis_pl_ds_k_wd_g,radio,,
diagnosis_pl_ds_l,radio,,
diagnosis_pl_ds_l_wd_g,radio,,
diagnosis_pl_ds_ll,checkbox,,
diagnosis_pl_ds_other,text,,
diagnosis_pl_etiology,checkbox,,
diagnosis_pl_etiology_other,text,,
diagnosis_pl_gsd,radio,,
diagnosis_pl_gsd_confirmation_method,checkbox,,
diagnosis_pl_treatment,radio,,
diagnosis_pl_treatment_other,text,,
diagnosis_pl_treatment_select,checkbox,,
diagnosis_ucc_at,radio,,
diagnosis_ucc_at_s,checkbox,,
diagnosis_ucc_at_s_other,text,,
diagnosis_ucc_atot,checkbox,,
diagnosis_ucc_cuae,radio,,
diagnosis_ucc_cxcob,checkbox,,
diagnosis_ucc_gediapc,radio,,
diagnosis_ucc_hcxob,radio,,
diagnosis_ucc_hsoe,radio,,
diagnosis_ucc_hspd,checkbox,,
diagnosis_ucc_huatot,radio,,
diagnosis_ucc_hurada,radio,,
diagnosis_ucc_huse,radio,,
diagnosis_ucc_oai,radio,,
diagnosis_ucc_pdapc,radio,,
diagnosis_ucc_persisted,radio,,
diagnosis_ucc_rada,radio,,
diagnosis_uvfp_ds,radio,,
diagnosis_uvfp_etiology_other,text,,
diagnosis_uvfp_latrogenic_other,text,,
diagnosis_uvfp_treatment,radio,,
diagnosis_uvfp_treatment_other,text,,
diagnosis_uvfp_treatment_select,checkbox,,
diagnosis_uvfp_treatment_surgery,checkbox,,
diagnosis_uvfp_treatment_surgery_other,text,,
diagnosis_uvfp_treatment_surgery_thyroplasty,checkbox,,
diagnosis_uvfp_treatment_surgery_vfia,checkbox,,
diagnosis_vfp_degree_legend,descriptive,,
diagnosis_vfp_degree_text,descriptive,,
diagnosis_vfp_dse,radio,,
diagnosis_vfp_etiology,radio,,
diagnosis_vfp_gsd,radio,,
diagnosis_vfp_iatrogenic,radio,,
diagnosis_vfp_tumor,radio,,
difficulty_attention,radio,,
difficulty_concentrating,radio,,
difficulty_unwinding,radio,,
difficulty_waiting,radio,,
distracted,radio,,
diuretics,radio,,
dizziness,radio,,
dmdd_active_psy_med_prob_other,text,,
dmdd_active_psy_med_problems,checkbox,,
dmdd_current_medication,notes,,
dmdd_describe_psychotherapy,notes,,
dmdd_diagnosed_dd,radio,,
dmdd_diagnosed_dd_selection,radio,,
dmdd_hist_psy_med_prob_other,text,,
dmdd_hist_psy_med_problems,checkbox,,
dmdd_how_many_depressive_episodes,radio,,
dmdd_last_depressive_episode,text,date_ymd,
dmdd_prescribed_medication,radio,,
dmdd_previous_medication,notes,,
dmdd_see_mental_health_professional,radio,,
dob,text,date_ymd,y
drinking_more,radio,,
drinks_today_number,text,number,
dsm_5_completed_at,text,,y
dsm_5_duration,text,number,
dsm_5_language,radio,,
dsm_5_origin,radio,,
dsm_5_session_id,text,,
dsm_5_started_at,text,,y
dsm_5_via,radio,,
dysarthria,radio,,
dyspnea_index_completed_at,text,,y
dyspnea_index_duration,text,,
dyspnea_index_language,radio,,
dyspnea_index_origin,radio,,
dyspnea_index_session_id,text,,
dyspnea_index_started_at,text,,y
dyspnea_index_via,radio,,
ear_cancer,checkbox,,
ear_med_history,checkbox,,
ear_surgical,checkbox,,
ear_tubes,radio,,
easily_agitated,radio,,
eating_disorder,checkbox,,
ed,radio,,
edible_substance_in_past_three_months,radio,,
edu_level,radio,,y
ef_add_adhd,radio,,
ef_airway_stenosis,radio,,
ef_alcohol_subst_abuse,radio,,
ef_als,radio,,
ef_alz_dementia_mci,radio,,
ef_any_cognitive_challeges,yesno,,
ef_any_hearing_related_req,yesno,,
ef_any_physical_challenges,yesno,,
ef_any_vision_related_req,yesno,,
ef_asd,radio,,
ef_asthma,radio,,
ef_autism,radio,,
ef_benign_cord_lesion,radio,,
ef_bipolar,radio,,
ef_bpd,radio,,
ef_chronic_cough,radio,,
ef_cognitive_a11y_options,checkbox,,
ef_completed_at,text,,y
ef_completed_by,checkbox,,
ef_cond_prompt,descriptive,,
ef_contact_info_stored,yesno,,
ef_copd,radio,,
ef_depression,radio,,
ef_dob,text,date_ymd,y
ef_duration,text,number,
ef_ed,radio,,
ef_eligible_studies,checkbox,,
ef_email,text,email,y
ef_enrollment,radio,,
ef_enrollment_institution,radio,,
ef_enrollment_origin,radio,,
ef_enrollment_via,radio,,
ef_first_name,text,,y
ef_fluent_language_other,text,,
ef_fluent_languages,checkbox,,
ef_gad,radio,,
ef_glottic_insufficiency,radio,,
ef_hearing_a11y_options,checkbox,,
ef_huntingtons,radio,,
ef_insomnia,radio,,
ef_is_control_participant,radio,,
ef_laryng_cancer,radio,,
ef_laryngitis,radio,,
ef_last_name,text,,y
ef_learn_about_this_study,radio,,
ef_learn_about_this_study_event,text,,
ef_learn_about_this_study_other,text,,
ef_mtd,radio,,
ef_ocd,radio,,
ef_osa,radio,,
ef_other_psych,radio,,
ef_other_reason_decline,text,,y
ef_panic,radio,,
ef_parkinsons,radio,,
ef_participant_study_id,text,,y
ef_phone_number,text,phone,y
ef_physical_a11y_options,checkbox,,
ef_primary_language,radio,,
ef_primary_language_other,text,,
ef_ptsd,radio,,
ef_reason_decline_enroll,radio,,
ef_remote_collection_agreement_terms,checkbox,,
ef_researcher_email,text,email,y
ef_rrp,radio,,
ef_schizophrenia,radio,,
ef_select_language,radio,,
ef_soc_anx_dis,radio,,
ef_spas_dys,radio,,
ef_speech_delay,radio,,
ef_started_at,text,,y
ef_vision_a11y_options,checkbox,,
ef_voc_fold_paralysis,radio,,
eligible_studies,checkbox,,
email,text,email,y
emotionally_upset,radio,,
emphysema,radio,,
employ_status,checkbox,,
energetic,radio,,
enrolled,yesno,,
enrollment_institution,radio,,
enrollment_reason,text,,y
epilepsy,radio,,
esophageal_cancer,checkbox,,
esophageal_dilation,radio,,
ethnicity,radio,,
ever_alcohol_rehab,radio,,
ever_used_nicotine_products,checkbox,,
ever_used_nicotine_products_specify,text,,
exclude_participant,radio,,
exclude_reason,checkbox,,
exclude_reason_other,text,,
exclusion_date,text,date_mdy,
experimental_treatment,checkbox,,
experimental_treatment_current_specify,text,,
experimental_treatment_past_specify,text,,
exposed_environmental_pollution,radio,,
feeling_bad_self,radio,,
feeling_depressed,radio,,
feeling_detached,radio,,
feeling_down,radio,,
feeling_jumpy,radio,,
feeling_more_irritated,radio,,
feeling_nervous,radio,,
feeling_panic,radio,,
fidget,radio,,
financial_assistance_ca,radio,,
financial_assistance_usa,radio,,
finish_other_sent,radio,,
first_name,text,,y
flashbacks,radio,,
gad,radio,,
gad_7_completed_at,text,,y
gad_7_duration,text,number,
gad_7_language,radio,,
gad_7_origin,radio,,
gad_7_session_id,text,,
gad_7_started_at,text,,y
gad_7_via,radio,,
gender_identity,radio,,
glottic_insufficiency,radio,,
glottic_insufficiency_med_hist_throat,checkbox,,
grandparent,radio,,
hallucinogens,radio,,
hard_to_sit_still,radio,,
hard_to_work,radio,,
harvard_sentences_completed_at,text,,y
harvard_sentences_duration,text,number,
harvard_sentences_language,radio,,
harvard_sentences_list_order,text,,
harvard_sentences_origin,radio,,
harvard_sentences_recording_acoustic_task_id,text,,
harvard_sentences_session_id,text,,
harvard_sentences_started_at,text,,y
harvard_sentences_via,radio,,
hd_activities_of_daily_living,radio,,
hd_antidepressant_specify,text,,
hd_any_treatment,radio,,
hd_cag_repeat_length,text,number,
hd_cag_repeat_length_known,radio,,
hd_care_level,radio,,
hd_confirmed_by_consistent_clinical_presentation,radio,,
hd_confirmed_by_genetic_testing,radio,,
hd_dcl,text,number,
hd_disease_subtype,radio,,
hd_domestic_chores,radio,,
hd_finances,radio,,
hd_medications_selection,checkbox,,
hd_motor_exam,descriptive,,
hd_neuroleptic_specify,text,,
hd_occupation,radio,,
hd_slp_therapy_selection,checkbox,,
hd_total,calc,,
hd_total_func_cap_rating_scale,descriptive,,
hd_type_of_treatment,checkbox,,
hd_uhdrs_speech_training,text,number,
hd_uhdrs_total_chorea_score,text,number,
hd_uhdrs_total_motor_score,text,number,
hd_vmat2_inhibitor_specify,text,,
head_med_history,checkbox,,
head_surgical,checkbox,,
headache_migraine,radio,,
hearing,radio,,
hearing_loss,radio,,
hearing_things,radio,,
height,text,number,
heroin,radio,,
hispanic_latino_selection,checkbox,,
hormone_use,checkbox,,
hormones,radio,,
hostile,radio,,
hours_voice_activity,text,number,
household_count,text,number,
household_income_ca,radio,,
household_income_usa,radio,,
housing_status,radio,,
hrt,radio,,
huntingtons,radio,,
hydration,text,number,
hydration_today,text,number,
illness_not_taken_serious,radio,,
immune_suppressors,radio,,
immunotherapy,checkbox,,
inclusion_date,text,date_mdy,
independent_living,radio,,
infection_disease,text,,
inhalants,radio,,
inhaled_corticosteroids,radio,,
injection_implant_to_vocal_folds,checkbox,,
insomnia,radio,,
inspired,radio,,
insulin,radio,,
interrupt_others,radio,,
interstitial_lung_disease,radio,,
irritable,radio,,
irritated,radio,,
is_control_participant,radio,,
is_feasibility_participant,radio,,
is_prolific,radio,,
is_regular_smoker,yesno,,
is_remote_data_collection_enabled,radio,,
isolated,radio,,
joyful,radio,,
lack_of_pleasure,radio,,
laryng_cancer,radio,,
laryngeal_cancer,checkbox,,
laryngitis,radio,,
laryngitis_med_hist_throat,checkbox,,
laryngospasm_irritable_larynx,checkbox,,
last_name,text,,y
lcq_anxious,radio,,
lcq_bout,radio,,
lcq_chest_stomach_pains,radio,,
lcq_embarrassed,radio,,
lcq_energy,radio,,
lcq_exposure_paint,radio,,
lcq_fed_up,radio,,
lcq_felt_in_control,radio,,
lcq_frustrated,radio,,
lcq_hoarse_voice,radio,,
lcq_interfere_job,radio,,
lcq_interfere_life,radio,,
lcq_interrupt_conversation,radio,,
lcq_other_people,radio,,
lcq_partner,radio,,
lcq_serious_illness,radio,,
lcq_sleep,radio,,
lcq_sputum_phlegm,radio,,
lcq_tired,radio,,
left_out_convo,radio,,
leicester_cough_completed_at,text,,y
leicester_cough_duration,text,,
leicester_cough_language,radio,,
leicester_cough_origin,radio,,
leicester_cough_session_id,text,,
leicester_cough_started_at,text,,y
leicester_cough_via,radio,,
lesions_vocal_cord,checkbox,,
little_interest,radio,,
live_by_yourself,radio,,
lobectomy,radio,,
lonely,radio,,
losing_interest,radio,,
lung_cancer,checkbox,,
lung_or_metastatic,checkbox,,
marijuana,radio,,
marital_status,checkbox,,
mbd_active_psy_med_prob_other,text,,
mbd_active_psy_med_problems,checkbox,,
mbd_current_medication,notes,,
mbd_describe_psychotherapy,notes,,
mbd_diagnosed_bipolar_i_ii_other,radio,,
mbd_diagnosed_bm,radio,,
mbd_diagnosed_bm_selection,radio,,
mbd_diagnosed_other,text,,
mbd_ever_seen_heard,radio,,
mbd_had_manic_episode,radio,,
mbd_hist_psy_med_prob_other,text,,
mbd_hist_psy_med_problems,checkbox,,
mbd_last_depressive_episode,text,date_ymd,y
mbd_last_manic_episode,text,date_ymd,y
mbd_many_depressive_episodes,radio,,
mbd_many_manic_episodes,radio,,
mbd_prescribed_medication,radio,,
mbd_previous_medication,notes,,
mbd_see_mental_health_professional,radio,,
medication_enmt,checkbox,,
medication_med_hist_cancer,checkbox,,
medication_med_hist_lung,radio,,
medication_med_history_neuro,checkbox,,
medication_med_history_psychological,checkbox,,
medication_use,radio,,
medications,checkbox,,
memory_issues,radio,,
menstrual_cycle_status,radio,,
menstruate,radio,,
menstruate_no,radio,,
methamphetamine,radio,,
mindfulness_meditation,checkbox,,
misplace,radio,,
mit_consent_name_es_v2,text,,y
mit_consent_signature_es_v2,file,signature,y
mit_icf_date_en,text,date_ymd,y
mit_icf_date_en_v2,text,date_ymd,y
mit_icf_date_es_v2,text,date_ymd,y
mit_icf_name_en,text,,y
mit_icf_name_en_v2,text,,y
mit_icf_name_es_v2,text,,y
mit_icf_p1_en,descriptive,,
mit_icf_p1_en_v2,descriptive,,
mit_icf_p1_es_v2,descriptive,,
mit_icf_p2_en,descriptive,,
mit_icf_p2_en_v2,descriptive,,
mit_icf_p2_es_v2,descriptive,,
mit_icf_p3_en,descriptive,,
mit_icf_p3_en_v2,descriptive,,
mit_icf_p3_es_v2,descriptive,,
mit_icf_p4_en,descriptive,,
mit_icf_p4_en_v2,descriptive,,
mit_icf_p4_es_v2,descriptive,,
mit_icf_p5_en,descriptive,,
mit_icf_p5_en_v2,descriptive,,
mit_icf_p5_es_v2,descriptive,,
mit_icf_p6_en,descriptive,,
mit_icf_p6_en_v2,descriptive,,
mit_icf_p6_es_v2,descriptive,,
mit_icf_p7_en,descriptive,,
mit_icf_p7_en_v2,descriptive,,
mit_icf_p7_es_v2,descriptive,,
mit_icf_p8_en,descriptive,,
mit_icf_p8_en_v2,descriptive,,
mit_icf_p8_es_v2,descriptive,,
mit_icf_p9_en_v2,descriptive,,
mit_icf_p9_es_v2,descriptive,,
mit_icf_question_en,radio,,y
mit_icf_question_en_v2,radio,,y
mit_icf_question_es_v2,radio,,y
mit_icf_signature_en,file,signature,y
mit_icf_signature_en_v2,file,signature,y
mit_icf_signature_es_v2,file,signature,y
mobility,radio,,
moca_duo_pdf,file,,y
moca_notes,descriptive,,
moca_pdf_uploaded_by,text,,y
motivated,radio,,
move_speak_slow,radio,,
mph_active_psy_medical_problems,text,,
mph_completed_at,text,,y
mph_current_medication,notes,,
mph_describe_psychotherapy,notes,,
mph_duration,text,number,
mph_hist_psy_medical_problems,text,,
mph_language,radio,,
mph_origin,radio,,
mph_prescribed_medication,radio,,
mph_previous_medication,notes,,
mph_see_mental_health_professional,radio,,
mph_session_id,text,,
mph_started_at,text,,y
mph_via,radio,,
mtd,radio,,
multiple_sclerosis,radio,,
muscle_relaxants,radio,,
muscle_tension_dysphonia,checkbox,,
nasal_congestion_obstruction,radio,,
native_american_race,checkbox,,
neg_emotional_state,radio,,
nervous,radio,,
nervous_anxious,radio,,
neuro_modulators,radio,,
neurological_history,checkbox,,
no_appetite,radio,,
no_energy,radio,,
no_interest,radio,,
no_purpose,radio,,
non_surgical_treatment_enmt_speech_cond,checkbox,,
non_surgical_treatment_enmt_speech_cond_specify,text,,
nose_med_history,checkbox,,
nose_surgery,radio,,
nose_surgical,checkbox,,
nsaids,radio,,
number_of_uses_per_day_now,text,number,
number_years_used_nicotine,text,number,
obesity,radio,,
obsessive_compulsive_disorder,checkbox,,
occupation,text,,
ocd,radio,,
opiates,radio,,
oral_cancer,checkbox,,
oral_steroids,radio,,
osa,radio,,
osa_med_hist_lung,radio,,
other_cancer,checkbox,,
other_cancer_current_specify,text,,
other_cancer_past_specify,text,,
other_cancer_treatment,checkbox,,
other_cancer_treatment_past_specify,text,,
other_ear_nose_mouth_condition,radio,,
other_ear_nose_mouth_condition_specify,text,,
other_edu_level,text,,
other_employ_specify,notes,,
other_gender_identity,text,,
other_heart_disease,radio,,
other_heart_disease_specify,text,,
other_hormone_replacement,radio,,
other_hormone_replacement_specify,text,,
other_live_with,radio,,
other_lung_conditions,radio,,
other_lung_conditions_specify,text,,
other_lung_treatment,radio,,
other_lung_treatment_specify,text,,
other_menstruate_specify,text,,
other_neurological_condition,radio,,
other_neurological_condition_specify,text,,
other_neurological_treatment,checkbox,,
other_neurological_treatment_specify,text,,
other_psych,radio,,
other_race_specify,text,,
other_sex_orientation,text,,
other_smoking_specify,text,,
other_speech_condition,radio,,
other_speech_conditions_specify,text,,
other_surgical_treatment_enmt_speech_cond_specify,text,,
other_surgical_treatment_enmt_speech_condition,radio,,
other_throat_condition,checkbox,,
other_throat_condition_specify,text,,
other_transportation,text,,
other_treatment_cancer_current_specify,text,,
other_treatment_psychological_condition,checkbox,,
other_treatment_psychological_condition_specify,text,,
other_voice_activity,text,,
others_household_specify,text,,
overly_active,radio,,
pacific_islander_race,checkbox,,
pain_medication,checkbox,,
pain_medications,radio,,
painkillers,radio,,
panas_completed_at,text,,y
panas_duration,text,number,
panas_language,radio,,
panas_origin,radio,,
panas_session_id,text,,
panas_started_at,text,,y
panas_via,radio,,
panic,radio,,
panic_disorder,checkbox,,
paper_consent_enrollment_institution,dropdown,,
paper_consent_notes,descriptive,,
paper_consent_pdf_all_sites,file,,y
paper_consent_uploaded_by,text,,y
parent,radio,,
parkinsons,radio,,
parkinsons_disease,radio,,
part_asthmaeosinop_hil,text,number,
part_copd,checkbox,,
participant_data_collection_origins,checkbox,,
participant_data_collection_via,checkbox,,
participant_study_id,text,,y
peds_annoyed_repeat,radio,,
peds_avoid_communicating,radio,,
peds_cognition,radio,,
peds_country,dropdown,,
peds_demographics_completed_at,text,,y
peds_demographics_duration,text,number,
peds_demographics_language,radio,,
peds_demographics_origin,radio,,
peds_demographics_session_id,text,,
peds_demographics_started_at,text,,y
peds_demographics_via,radio,,
peds_difficulty_hearing,radio,,
peds_difficulty_understanding,radio,,
peds_dry_raspy_hoarse,radio,,
peds_edu_level,radio,,y
peds_embarrassed_repeat,radio,,
peds_first_language,radio,,
peds_frustrated_voice,radio,,
peds_gender_identity,radio,,
peds_gives_out,radio,,
peds_hearing,radio,,
peds_less_out_going,radio,,
peds_mc_a_therapy,radio,,
peds_mc_a_therapy_specified,text,,
peds_mc_adenoidectomy,radio,,
peds_mc_adenoidectomy_date,text,date_ymd,y
peds_mc_allergies,radio,,
peds_mc_allergies_specified,text,,
peds_mc_breathing_conditions,checkbox,,
peds_mc_chronic_medical_condition,radio,,
peds_mc_chronic_medical_condition_specified,text,,
peds_mc_completed_at,text,,y
peds_mc_conditions,checkbox,,
peds_mc_conditions_other_specified,text,,
peds_mc_dif_swallowing,radio,,
peds_mc_dif_swallowing_specified,text,,
peds_mc_duration,text,,
peds_mc_ear_inf_ant_py,radio,,
peds_mc_ear_inf_ant_py_specified,text,,
peds_mc_epistaxis,radio,,
peds_mc_etp,radio,,
peds_mc_etp_procedure,text,,
peds_mc_etp_procedure_date,text,date_ymd,y
peds_mc_eval_voice_swal_c,radio,,
peds_mc_eval_voice_swal_c_specified,text,,
peds_mc_fr_inf_tons,radio,,
peds_mc_fr_inf_tons_specified,text,,
peds_mc_fr_v_f,radio,,
peds_mc_fr_v_f_specified,text,,
peds_mc_ft,radio,,
peds_mc_ft_specified,text,,
peds_mc_genetic_syndromes,radio,,
peds_mc_genetic_syndromes_specified,text,,
peds_mc_hearing_loss,checkbox,,
peds_mc_hl,radio,,
peds_mc_hl_specified,text,,
peds_mc_hospitalized,radio,,
peds_mc_hospitalized_specified,text,,
peds_mc_hw_voice_2_w,radio,,
peds_mc_hw_voice_2_w_specified,text,,
peds_mc_l2w,checkbox,,
peds_mc_language,radio,,
peds_mc_lingual_tonsillectomy,radio,,
peds_mc_lingual_tonsillectomy_date,text,date_ymd,y
peds_mc_meds,radio,,
peds_mc_meds_specified,text,,
peds_mc_nasal_fractures,radio,,
peds_mc_neck_mass,checkbox,,
peds_mc_neck_mass_branchial_cleft_cyst_surgery,radio,,
peds_mc_neck_mass_branchial_cleft_cyst_surgery_date,text,date_ymd,y
peds_mc_neck_mass_dermoid_cyst_surgery,radio,,
peds_mc_neck_mass_dermoid_cyst_surgery_date,text,date_ymd,y
peds_mc_neck_mass_enlarged_lymph_node_surgery,radio,,
peds_mc_neck_mass_enlarged_lymph_node_surgery_date,text,date_ymd,y
peds_mc_neck_mass_hyroid_nodule_or_cancer_surgery,radio,,
peds_mc_neck_mass_hyroid_nodule_or_cancer_surgery_date,text,date_ymd,y
peds_mc_neck_mass_other,text,,
peds_mc_neck_mass_thyroglossal_duct_cyst_surgery,radio,,
peds_mc_neck_mass_thyroglossal_duct_cyst_surgery_date,text,date_ymd,y
peds_mc_neurological_disorders,radio,,
peds_mc_neurological_disorders_specified,text,,
peds_mc_no_surgeries,radio,,
peds_mc_no_surgeries_procedure,text,,
peds_mc_no_surgeries_procedure_date,text,date_ymd,y
peds_mc_origin,radio,,
peds_mc_ox_sup,radio,,
peds_mc_ox_sup_specified,text,,
peds_mc_psych_disorders,checkbox,,
peds_mc_psych_disorders_other,text,,
peds_mc_reflux,radio,,
peds_mc_reflux_specified,text,,
peds_mc_session_id,text,,
peds_mc_snoring_apnea,checkbox,,
peds_mc_snoring_apnea_had_sleep_study_oahi,text,,
peds_mc_started_at,text,,y
peds_mc_stridor,radio,,
peds_mc_stridor_specified,text,,
peds_mc_surgery_t_vc_a,radio,,
peds_mc_surgery_t_vc_a_specified,text,,
peds_mc_tonsillectomy,radio,,
peds_mc_tonsillectomy_date,text,date_ymd,y
peds_mc_v_dis,radio,,
peds_mc_v_dis_specified,text,,
peds_mc_via,radio,,
peds_mc_voice_disorders,checkbox,,
peds_mobility,radio,,
peds_os_completed_at,text,,y
peds_os_duration,text,,
peds_os_interfered_activities,radio,,
peds_os_language,radio,,
peds_os_limit_understood,radio,,
peds_os_origin,radio,,
peds_os_session_id,text,,
peds_os_started_at,text,,y
peds_os_straining,radio,,
peds_os_trouble_food_iquids,radio,,
peds_os_via,radio,,
peds_other_edu_level,text,,
peds_other_first_language,text,,
peds_other_gender_identity,text,,
peds_other_not_understand,radio,,
peds_other_primary_language,text,,
peds_other_race_specify,text,,
peds_out_of_air_talking,radio,,
peds_phqa_completed_at,text,,y
peds_phqa_duration,text,number,
peds_phqa_feeling_bad_self,radio,,
peds_phqa_feeling_depressed,radio,,
peds_phqa_language,radio,,
peds_phqa_move_speak_slow,radio,,
peds_phqa_no_appetite,radio,,
peds_phqa_no_energy,radio,,
peds_phqa_no_interest,radio,,
peds_phqa_origin,radio,,
peds_phqa_session_id,text,,
peds_phqa_started_at,text,,y
peds_phqa_thoughts_death,radio,,
peds_phqa_trouble_concentrate,radio,,
peds_phqa_trouble_sleeping,radio,,
peds_phqa_via,radio,,
peds_primary_language,radio,,
peds_qol_anxious_frustrated,radio,,
peds_qol_come_out_speaking,radio,,
peds_qol_completed_at,text,,y
peds_qol_depressed,radio,,
peds_qol_duration,text,,
peds_qol_language,radio,,
peds_qol_less_outgoing,radio,,
peds_qol_origin,radio,,
peds_qol_out_of_air,radio,,
peds_qol_repeat_understood,radio,,
peds_qol_session_id,text,,
peds_qol_started_at,text,,y
peds_qol_trouble_doing_schoolwork,radio,,
peds_qol_trouble_phone_speaking,radio,,
peds_qol_trouble_speaking_heard,radio,,
peds_qol_via,radio,,
peds_race,checkbox,,
peds_repeat_speaking,radio,,
peds_seem_irritated,radio,,
peds_self_care,radio,,
peds_severity_voice_problem,slider,number,
peds_speaks_less,radio,,
peds_state_province,text,,
peds_straining,radio,,
peds_tense_talking,radio,,
peds_unpredictable,radio,,
peds_vhi_completed_at,text,,y
peds_vhi_duration,text,,
peds_vhi_language,radio,,
peds_vhi_origin,radio,,
peds_vhi_session_id,text,,
peds_vhi_started_at,text,,y
peds_vhi_talkativeness,slider,number,
peds_vhi_via,radio,,
peds_vision,radio,,
peds_voice_changes,radio,,
peds_voice_diffculities,radio,,
peds_voice_difficult_hear,radio,,
peds_worse_in_evening,radio,,
peds_wrong_with_voice,radio,,
peds_yell_to_hear,radio,,
peds_zipcode,text,,y
ph_concentrating,radio,,
ph_day_to_day_work,radio,,
ph_dealing_people,radio,,
ph_friendship,radio,,
ph_get_dressed,radio,,
ph_health_problem,radio,,
ph_learn_task,radio,,
ph_problem_join,radio,,
ph_standing,radio,,
ph_take_care,radio,,
ph_walking,radio,,
ph_washing,radio,,
phone_number,text,,y
phq_9_completed_at,text,,y
phq_9_duration,text,number,
phq_9_language,radio,,
phq_9_origin,radio,,
phq_9_session_id,text,,
phq_9_started_at,text,,y
phq_9_via,radio,,
phys_health_impact,text,integer,
phys_health_limited,text,integer,
physical_health_freq,text,integer,
pneumothorax_atelectasis,radio,,
primary_transportation,radio,,
prolific_id,text,,
prolonged_intubation,radio,,
psychological_condition_other,checkbox,,
psychological_condition_other_specify,text,,
psychotropic_antipsychotic_medications,radio,,
ptsd,radio,,
ptsd_completed_at,text,,y
ptsd_duration,text,number,
ptsd_language,radio,,
ptsd_med_hist_psychological,checkbox,,
ptsd_origin,radio,,
ptsd_session_id,text,,
ptsd_started_at,text,,y
ptsd_via,radio,,
pulmonary_hypertension,radio,,
q1_happy,radio,,
q2_self_confident,radio,,
q3_sleep,radio,,
q4_talk,radio,,
q5_active,radio,,
race,checkbox,,
radiation,checkbox,,
radiation_to_head_neck,checkbox,,
radiation_to_the_chest,radio,,
radioactive_iodine,checkbox,,
random_completed_at,text,,y
random_duration,text,,
random_item_generation_category,radio,,
random_language,radio,,
random_origin,radio,,
random_recording_acoustic_task_id,text,,
random_session_id,text,,
random_started_at,text,,y
random_via,radio,,
reading_aloud,radio,,
record_id,text,,
recording_acoustic_task_id,text,,
recording_browser,text,,
recording_browser_version,text,,
recording_created_at,text,,y
recording_device_info,text,,
recording_device_type,text,,
recording_duration,text,,
recording_file_share,text,,y
recording_filepath,text,,y
recording_id,text,,
recording_input_gain,text,,
recording_language,radio,,
recording_microphone,text,,
recording_name,text,,
recording_origin,radio,,
recording_platform,text,,
recording_platform_architecture,text,,
recording_platform_version,text,,
recording_profile_name,radio,,
recording_profile_version,radio,,
recording_screen_resolution,text,,
recording_session_id,text,,
recording_size,text,,
recording_storage_account,text,,y
recording_touch_screen,radio,,
recording_via,radio,,
recording_window_resolution,text,,
recreational_drug_use,yesno,,
recurrent_bronchitis,radio,,
reflux_medications,radio,,
rehab_counseling_substance_use,radio,,
relaxed,radio,,
remain_seated,radio,,
remembering_appt,radio,,
repeat_acts,radio,,
researcher_email,text,email,y
resp_medical_history,checkbox,,
respiratory_conditions,checkbox,,
restless,radio,,
roommate,radio,,
rrp,radio,,
sad_or_down,radio,,
schizophrenia,radio,,
schizophrenia_med_hist_psychological,checkbox,,
scoliosis,radio,,
scratchy_sore_throat,radio,,
seasonal_allergies,yesno,,
seasonal_allergies_med_hist_enm,radio,,
seasonal_allergies_options,checkbox,,
sedatives,radio,,
selected_language,radio,,
selected_language_2,radio,,
self_care,radio,,
self_harm,radio,,
session_assigned_tasks,text,,
session_completed_at,text,,y
session_completed_by,checkbox,,
session_duration,text,number,
session_id,text,,
session_is_control_participant,radio,,
session_language,radio,,
session_record_id,text,,
session_site,radio,,
session_started_at,text,,y
session_status,radio,,
sex_assigned_at_birth,radio,,
sexual_orientation,radio,,
shortness_breath,radio,,
show_prolific_study_id,radio,,
sinus_cancer,checkbox,,
sinus_surgery,radio,,
sinusitis,radio,,
site_consent_wcm_best_contact_method_en_v1,text,,y
site_consent_wcm_best_contact_method_es_v1,text,,y
site_consent_wcm_date_en_v1,text,date_ymd,y
site_consent_wcm_name_en_v1,text,,y
site_consent_wcm_p1_en,descriptive,,
site_consent_wcm_p2_en,descriptive,,
site_consent_wcm_p3_en,descriptive,,
site_consent_wcm_p4_en,descriptive,,
site_consent_wcm_p5_en,descriptive,,
site_consent_wcm_signature_en_v1,file,signature,y
site_consent_wcm_yes_en_v1,radio,,
site_consent_wcm_yes_es_v1,radio,,
sjogrens_syndrome,radio,,
sleep_disturbance,radio,,
sleep_quality,radio,,
sleep_surgery,radio,,
sleeping_less,radio,,
smoked_substance_in_past_three_months,radio,,
smoking_age_regular_cigarette_smoking,radio,,
smoking_age_regular_cigarette_smoking_age,text,integer,
smoking_age_stopped,radio,,
smoking_age_stopped_age,text,integer,
smoking_cigarettes_day_current_avg,radio,,
smoking_cigarettes_day_current_avg_number,text,integer,
smoking_cigarettes_day_past_avg,radio,,
smoking_cigarettes_day_past_avg_number,text,integer,
smoking_electronic,radio,,
smoking_electronic_current_occurence,radio,,
smoking_entire_life,radio,,
smoking_freq,radio,,
smoking_hx,radio,,
smoking_marijuana,radio,,
smoking_more,radio,,
smoking_occurrence,radio,,
smoking_types,checkbox,,
smoking_years_cigarettes,radio,,
smoking_years_cigarettes_years,text,integer,
soc_anx_dis,radio,,
social_phobia_1,radio,,
social_phobia_10,radio,,
social_phobia_2,radio,,
social_phobia_3,radio,,
social_phobia_4,radio,,
social_phobia_5,radio,,
social_phobia_6,radio,,
social_phobia_7,radio,,
social_phobia_8,radio,,
social_phobia_9,radio,,
someone_hear_thoughts,radio,,
spas_dys,radio,,
specify_current_neuro,text,,
specify_gender_identity,radio,,
speech_delay,radio,,
speech_difficulty,radio,,
speech_voice_swallowing_therapy,checkbox,,
spouse_partner_sig_other,radio,,
started_using_nicotine_products,radio,,
starting_more_projects,radio,,
state_province,text,,
stimulants,radio,,
stimulants_medications,radio,,
stopped_using_nicotine_products,radio,,
strain_voice,radio,,
stroke,radio,,
stroop_completed_at,text,,y
stroop_duration,text,,
stroop_item_color_1,radio,,
stroop_item_color_10,radio,,
stroop_item_color_11,radio,,
stroop_item_color_12,radio,,
stroop_item_color_13,radio,,
stroop_item_color_14,radio,,
stroop_item_color_15,radio,,
stroop_item_color_2,radio,,
stroop_item_color_3,radio,,
stroop_item_color_4,radio,,
stroop_item_color_5,radio,,
stroop_item_color_6,radio,,
stroop_item_color_7,radio,,
stroop_item_color_8,radio,,
stroop_item_color_9,radio,,
stroop_item_correct_1,radio,,
stroop_item_correct_10,radio,,
stroop_item_correct_11,radio,,
stroop_item_correct_12,radio,,
stroop_item_correct_13,radio,,
stroop_item_correct_14,radio,,
stroop_item_correct_15,radio,,
stroop_item_correct_2,radio,,
stroop_item_correct_3,radio,,
stroop_item_correct_4,radio,,
stroop_item_correct_5,radio,,
stroop_item_correct_6,radio,,
stroop_item_correct_7,radio,,
stroop_item_correct_8,radio,,
stroop_item_correct_9,radio,,
stroop_item_stimulus_1,radio,,
stroop_item_stimulus_10,radio,,
stroop_item_stimulus_11,radio,,
stroop_item_stimulus_12,radio,,
stroop_item_stimulus_13,radio,,
stroop_item_stimulus_14,radio,,
stroop_item_stimulus_15,radio,,
stroop_item_stimulus_2,radio,,
stroop_item_stimulus_3,radio,,
stroop_item_stimulus_4,radio,,
stroop_item_stimulus_5,radio,,
stroop_item_stimulus_6,radio,,
stroop_item_stimulus_7,radio,,
stroop_item_stimulus_8,radio,,
stroop_item_stimulus_9,radio,,
stroop_item_time_1,text,,
stroop_item_time_10,text,,
stroop_item_time_11,text,,
stroop_item_time_12,text,,
stroop_item_time_13,text,,
stroop_item_time_14,text,,
stroop_item_time_15,text,,
stroop_item_time_2,text,,
stroop_item_time_3,text,,
stroop_item_time_4,text,,
stroop_item_time_5,text,,
stroop_item_time_6,text,,
stroop_item_time_7,text,,
stroop_item_time_8,text,,
stroop_item_time_9,text,,
stroop_language,radio,,
stroop_origin,radio,,
stroop_recording_acoustic_task_id,text,,
stroop_session_id,text,,
stroop_started_at,text,,y
stroop_via,radio,,
stutter_dysfluency,radio,,
substance_use_recovery,yesno,,
super_alert,radio,,
supplemental_oxygen,radio,,
surgery,checkbox,,
swallowing_disorder,checkbox,,
symptoms,checkbox,,
talk_therapy_mental_health_prof,checkbox,,
talking_too_much,radio,,
tell_us_about_you_health_header,descriptive,,
things_in_order,radio,,
thinking_stressful_event,radio,,
thoughts_death,radio,,
throat_med_history,checkbox,,
throat_surgical,checkbox,,
thyroid_cancer,checkbox,,
thyroid_disease,checkbox,,
thyroid_replacement,radio,,
times_use_nicotine_per_day,radio,,
tired,radio,,
tired_measure,radio,,
today_consume_caffeinated_products,checkbox,,
today_consume_other_specify,text,,
today_drink_caffeinated_products,radio,,
tone_deaf,radio,,
tonsillectomy,radio,,
tough_to_understand,radio,,
tough_to_work,radio,,
tracheostomy,radio,,
transportation,radio,,
transportation_yn,yesno,,
traumatic_brain_injury,radio,,
traumatic_event,notes,,
traumatic_event_date,text,date_ymd,
trouble_concentrate,radio,,
trouble_relaxing,radio,,
trouble_sleeping,radio,,
tuberculosis,radio,,
typical_day_consume_caffeinated_products,checkbox,,
typical_day_consume_other_specify,text,,
typical_day_drink_caffeinated_products,radio,,
unexplained_aches,radio,,
unit,dropdown,,
unpleasant_thoughts,radio,,
upset,radio,,
used_drugs,radio,,
used_nicotine_products_in_entire_life,radio,,
used_substance_on_your_own,radio,,
usf_icf_date_en,text,date_ymd,y
usf_icf_date_en_v3,text,date_ymd,y
usf_icf_date_es,text,date_ymd,y
usf_icf_date_es_v3,text,date_ymd,y
usf_icf_date_hipaa_es,text,date_ymd,y
usf_icf_date_hipaa_es_v2,text,date_ymd,y
usf_icf_date_hipaa_es_v3,text,date_ymd,y
usf_icf_hipaa_date_en,text,date_ymd,y
usf_icf_hipaa_date_en_v3,text,date_ymd,y
usf_icf_hipaa_en_p1,descriptive,,
usf_icf_hipaa_en_p1_v3,descriptive,,
usf_icf_hipaa_en_p2,descriptive,,
usf_icf_hipaa_en_p2_v3,descriptive,,
usf_icf_hipaa_en_p3,descriptive,,
usf_icf_hipaa_en_p3_v3,descriptive,,
usf_icf_hipaa_name_en,text,,y
usf_icf_hipaa_name_en_v3,text,,y
usf_icf_hipaa_p1_es,descriptive,,
usf_icf_hipaa_p1_es_v3,descriptive,,
usf_icf_hipaa_p2_es,descriptive,,
usf_icf_hipaa_p2_es_v3,descriptive,,
usf_icf_hipaa_p3_es,descriptive,,
usf_icf_hipaa_p3_es_v3,descriptive,,
usf_icf_hipaa_signature_en,file,signature,y
usf_icf_hipaa_signature_en_v3,file,signature,y
usf_icf_name_en,text,,y
usf_icf_name_en_v3,text,,y
usf_icf_name_es,text,,y
usf_icf_name_es_v3,text,,y
usf_icf_name_hipaa_es,text,,y
usf_icf_name_hipaa_es_v3,text,,y
usf_icf_p1_en,descriptive,,
usf_icf_p1_en_v3,descriptive,,
usf_icf_p1_es,descriptive,,
usf_icf_p1_es_v3,descriptive,,
usf_icf_p2_en,descriptive,,
usf_icf_p2_en_v3,descriptive,,
usf_icf_p2_es,descriptive,,
usf_icf_p2_es_v3,descriptive,,
usf_icf_p3_en,descriptive,,
usf_icf_p3_en_v3,descriptive,,
usf_icf_p3_es,descriptive,,
usf_icf_p3_es_v3,descriptive,,
usf_icf_p4_en,descriptive,,
usf_icf_p4_en_v3,descriptive,,
usf_icf_p4_es,descriptive,,
usf_icf_p4_es_v3,descriptive,,
usf_icf_p5_en,descriptive,,
usf_icf_p5_en_v3,descriptive,,
usf_icf_p5_es,descriptive,,
usf_icf_p5_es_v3,descriptive,,
usf_icf_p6_en,descriptive,,
usf_icf_p6_en_v3,descriptive,,
usf_icf_p6_es,descriptive,,
usf_icf_p6_es_v3,descriptive,,
usf_icf_p7_en,descriptive,,
usf_icf_p7_en_v3,descriptive,,
usf_icf_p7_es,descriptive,,
usf_icf_p7_es_v3,descriptive,,
usf_icf_p8_en,descriptive,,
usf_icf_p8_en_v3,descriptive,,
usf_icf_p8_es,descriptive,,
usf_icf_p8_es_v3,descriptive,,
usf_icf_p9_en_v3,descriptive,,
usf_icf_p9_es,descriptive,,
usf_icf_p9_es_v3,descriptive,,
usf_icf_question_en,radio,,y
usf_icf_question_en_v3,radio,,y
usf_icf_question_es,radio,,y
usf_icf_question_es_v3,radio,,y
usf_icf_signature_en,file,signature,y
usf_icf_signature_en_v3,file,signature,y
usf_icf_signature_es,file,signature,y
usf_icf_signature_es_v3,file,signature,y
usf_icf_signature_hipaa_es,file,signature,y
usf_icf_signature_hipaa_es_v3,file,signature,y
vagal_nerve_stimulator,checkbox,,
velopharyngeal_insufficiency,radio,,
veteran,yesno,,
vfp_bilateral,checkbox,,
vfp_unilateral,checkbox,,
vhi_10_calc_score,calc,,
vhi_completed_at,text,,y
vhi_duration,text,number,
vhi_language,radio,,
vhi_origin,radio,,
vhi_session_id,text,,
vhi_started_at,text,,y
vhi_via,radio,,
vision,radio,,
voc_fold_paralysis,radio,,
vocabulary_completed_at,text,,y
vocabulary_duration,text,,
vocabulary_item_correct_1,radio,,
vocabulary_item_correct_2,radio,,
vocabulary_item_correct_3,radio,,
vocabulary_item_correct_4,radio,,
vocabulary_item_correct_5,radio,,
vocabulary_item_correct_6,radio,,
vocabulary_item_difficulty_1,radio,,
vocabulary_item_difficulty_2,radio,,
vocabulary_item_difficulty_3,radio,,
vocabulary_item_difficulty_4,radio,,
vocabulary_item_difficulty_5,radio,,
vocabulary_item_difficulty_6,radio,,
vocabulary_item_word_1,text,,
vocabulary_item_word_2,text,,
vocabulary_item_word_3,text,,
vocabulary_item_word_4,text,,
vocabulary_item_word_5,text,,
vocabulary_item_word_6,text,,
vocabulary_language,radio,,
vocabulary_origin,radio,,
vocabulary_recording_acoustic_task_id,text,,
vocabulary_session_id,text,,
vocabulary_started_at,text,,y
vocabulary_via,radio,,
vocal_cord_dysfunction,checkbox,,
vocal_fold_hemorrhage,checkbox,,
voice_activity,checkbox,,
voice_activity_v2,checkbox,,
voice_clarity,radio,,
voice_difficult_hear,radio,,
voice_handicapped,radio,,
voice_lose_income,radio,,
voice_perception_completed_at,text,,y
voice_perception_duration,text,number,
voice_perception_language,radio,,
voice_perception_origin,radio,,
voice_perception_session_id,text,,
voice_perception_started_at,text,,y
voice_perception_via,radio,,
voice_quality_perception,radio,,
voice_restrict_social,radio,,
voice_severity_completed_at,text,,y
voice_severity_duration,text,number,
voice_severity_language,radio,,
voice_severity_origin,radio,,
voice_severity_session_id,text,,
voice_severity_started_at,text,,y
voice_severity_via,radio,,
voice_upsetting,radio,,
wcm_consent_date_es_v1,text,date_ymd,y
wcm_consent_name_es_v1,text,,y
wcm_consent_signature_es_v1,file,signature,y
wcm_icf_date_en,text,date_ymd,y
wcm_icf_date_es_v1,text,date_ymd,y
wcm_icf_name_en,text,,y
wcm_icf_name_es_v1,text,,y
wcm_icf_p1_en,descriptive,,
wcm_icf_p1_es_v1,descriptive,,
wcm_icf_p2_en,descriptive,,
wcm_icf_p2_es_v1,descriptive,,
wcm_icf_p3_en,descriptive,,
wcm_icf_p3_es_v1,descriptive,,
wcm_icf_p4_en,descriptive,,
wcm_icf_p4_es_v1,descriptive,,
wcm_icf_p5_en,descriptive,,
wcm_icf_p5_es_v1,descriptive,,
wcm_icf_p6_en,descriptive,,
wcm_icf_p6_es_v1,descriptive,,
wcm_icf_p7_en,descriptive,,
wcm_icf_p7_es_v1,descriptive,,
wcm_icf_p8_en,descriptive,,
wcm_icf_p8_es_v1,descriptive,,
wcm_icf_p9_en,descriptive,,
wcm_icf_p9_es_v1,descriptive,,
wcm_icf_question_en_2,radio,,y
wcm_icf_question_es_v1,radio,,y
wcm_icf_signature_en,file,signature,y
wcm_icf_signature_es_v1,file,signature,y
weight,text,number,
white_race,checkbox,,
winograd_completed_at,text,,y
winograd_duration,text,,
winograd_language,radio,,
winograd_number_questions,text,,
winograd_origin,radio,,
winograd_q_1,radio,,
winograd_q_10,radio,,
winograd_q_100,radio,,
winograd_q_101,radio,,
winograd_q_102,radio,,
winograd_q_103,radio,,
winograd_q_104,radio,,
winograd_q_105,radio,,
winograd_q_106,radio,,
winograd_q_107,radio,,
winograd_q_108,radio,,
winograd_q_109,radio,,
winograd_q_11,radio,,
winograd_q_110,radio,,
winograd_q_111,radio,,
winograd_q_112,radio,,
winograd_q_113,radio,,
winograd_q_114,radio,,
winograd_q_115,radio,,
winograd_q_116,radio,,
winograd_q_117,radio,,
winograd_q_118,radio,,
winograd_q_119,radio,,
winograd_q_12,radio,,
winograd_q_120,radio,,
winograd_q_121,radio,,
winograd_q_122,radio,,
winograd_q_123,radio,,
winograd_q_124,radio,,
winograd_q_125,radio,,
winograd_q_126,radio,,
winograd_q_127,radio,,
winograd_q_128,radio,,
winograd_q_129,radio,,
winograd_q_13,radio,,
winograd_q_130,radio,,
winograd_q_131,radio,,
winograd_q_132,radio,,
winograd_q_133,radio,,
winograd_q_134,radio,,
winograd_q_135,radio,,
winograd_q_136,radio,,
winograd_q_137,radio,,
winograd_q_138,radio,,
winograd_q_139,radio,,
winograd_q_14,radio,,
winograd_q_140,radio,,
winograd_q_141,radio,,
winograd_q_142,radio,,
winograd_q_143,radio,,
winograd_q_144,radio,,
winograd_q_145,radio,,
winograd_q_146,radio,,
winograd_q_147,radio,,
winograd_q_148,radio,,
winograd_q_149,radio,,
winograd_q_15,radio,,
winograd_q_150,radio,,
winograd_q_151,radio,,
winograd_q_152,radio,,
winograd_q_153,radio,,
winograd_q_154,radio,,
winograd_q_155,radio,,
winograd_q_156,radio,,
winograd_q_157,radio,,
winograd_q_158,radio,,
winograd_q_159,radio,,
winograd_q_16,radio,,
winograd_q_160,radio,,
winograd_q_161,radio,,
winograd_q_162,radio,,
winograd_q_163,radio,,
winograd_q_164,radio,,
winograd_q_165,radio,,
winograd_q_166,radio,,
winograd_q_167,radio,,
winograd_q_168,radio,,
winograd_q_169,radio,,
winograd_q_17,radio,,
winograd_q_170,radio,,
winograd_q_171,radio,,
winograd_q_172,radio,,
winograd_q_173,radio,,
winograd_q_174,radio,,
winograd_q_175,radio,,
winograd_q_176,radio,,
winograd_q_177,radio,,
winograd_q_178,radio,,
winograd_q_179,radio,,
winograd_q_18,radio,,
winograd_q_180,radio,,
winograd_q_181,radio,,
winograd_q_182,radio,,
winograd_q_183,radio,,
winograd_q_184,radio,,
winograd_q_185,radio,,
winograd_q_186,radio,,
winograd_q_187,radio,,
winograd_q_188,radio,,
winograd_q_189,radio,,
winograd_q_19,radio,,
winograd_q_190,radio,,
winograd_q_191,radio,,
winograd_q_192,radio,,
winograd_q_193,radio,,
winograd_q_194,radio,,
winograd_q_195,radio,,
winograd_q_196,radio,,
winograd_q_197,radio,,
winograd_q_198,radio,,
winograd_q_199,radio,,
winograd_q_2,radio,,
winograd_q_20,radio,,
winograd_q_200,radio,,
winograd_q_201,radio,,
winograd_q_202,radio,,
winograd_q_203,radio,,
winograd_q_204,radio,,
winograd_q_205,radio,,
winograd_q_206,radio,,
winograd_q_207,radio,,
winograd_q_208,radio,,
winograd_q_209,radio,,
winograd_q_21,radio,,
winograd_q_210,radio,,
winograd_q_211,radio,,
winograd_q_212,radio,,
winograd_q_213,radio,,
winograd_q_214,radio,,
winograd_q_215,radio,,
winograd_q_216,radio,,
winograd_q_217,radio,,
winograd_q_218,radio,,
winograd_q_219,radio,,
winograd_q_22,radio,,
winograd_q_220,radio,,
winograd_q_221,radio,,
winograd_q_222,radio,,
winograd_q_223,radio,,
winograd_q_224,radio,,
winograd_q_225,radio,,
winograd_q_226,radio,,
winograd_q_227,radio,,
winograd_q_228,radio,,
winograd_q_229,radio,,
winograd_q_23,radio,,
winograd_q_230,radio,,
winograd_q_231,radio,,
winograd_q_232,radio,,
winograd_q_233,radio,,
winograd_q_234,radio,,
winograd_q_235,radio,,
winograd_q_236,radio,,
winograd_q_237,radio,,
winograd_q_238,radio,,
winograd_q_239,radio,,
winograd_q_24,radio,,
winograd_q_240,radio,,
winograd_q_241,radio,,
winograd_q_242,radio,,
winograd_q_243,radio,,
winograd_q_244,radio,,
winograd_q_245,radio,,
winograd_q_246,radio,,
winograd_q_247,radio,,
winograd_q_248,radio,,
winograd_q_249,radio,,
winograd_q_25,radio,,
winograd_q_250,radio,,
winograd_q_251,radio,,
winograd_q_252,radio,,
winograd_q_253,radio,,
winograd_q_254,radio,,
winograd_q_255,radio,,
winograd_q_256,radio,,
winograd_q_257,radio,,
winograd_q_258,radio,,
winograd_q_259,radio,,
winograd_q_26,radio,,
winograd_q_260,radio,,
winograd_q_261,radio,,
winograd_q_262,radio,,
winograd_q_263,radio,,
winograd_q_264,radio,,
winograd_q_265,radio,,
winograd_q_266,radio,,
winograd_q_267,radio,,
winograd_q_268,radio,,
winograd_q_269,radio,,
winograd_q_27,radio,,
winograd_q_270,radio,,
winograd_q_271,radio,,
winograd_q_272,radio,,
winograd_q_273,radio,,
winograd_q_274,radio,,
winograd_q_275,radio,,
winograd_q_276,radio,,
winograd_q_28,radio,,
winograd_q_29,radio,,
winograd_q_3,radio,,
winograd_q_30,radio,,
winograd_q_31,radio,,
winograd_q_32,radio,,
winograd_q_33,radio,,
winograd_q_34,radio,,
winograd_q_35,radio,,
winograd_q_36,radio,,
winograd_q_37,radio,,
winograd_q_38,radio,,
winograd_q_39,radio,,
winograd_q_4,radio,,
winograd_q_40,radio,,
winograd_q_41,radio,,
winograd_q_42,radio,,
winograd_q_43,radio,,
winograd_q_44,radio,,
winograd_q_45,radio,,
winograd_q_46,radio,,
winograd_q_47,radio,,
winograd_q_48,radio,,
winograd_q_49,radio,,
winograd_q_5,radio,,
winograd_q_50,radio,,
winograd_q_51,radio,,
winograd_q_52,radio,,
winograd_q_53,radio,,
winograd_q_54,radio,,
winograd_q_55,radio,,
winograd_q_56,radio,,
winograd_q_57,radio,,
winograd_q_58,radio,,
winograd_q_59,radio,,
winograd_q_6,radio,,
winograd_q_60,radio,,
winograd_q_61,radio,,
winograd_q_62,radio,,
winograd_q_63,radio,,
winograd_q_64,radio,,
winograd_q_65,radio,,
winograd_q_66,radio,,
winograd_q_67,radio,,
winograd_q_68,radio,,
winograd_q_69,radio,,
winograd_q_7,radio,,
winograd_q_70,radio,,
winograd_q_71,radio,,
winograd_q_72,radio,,
winograd_q_73,radio,,
winograd_q_74,radio,,
winograd_q_75,radio,,
winograd_q_76,radio,,
winograd_q_77,radio,,
winograd_q_78,radio,,
winograd_q_79,radio,,
winograd_q_8,radio,,
winograd_q_80,radio,,
winograd_q_81,radio,,
winograd_q_82,radio,,
winograd_q_83,radio,,
winograd_q_84,radio,,
winograd_q_85,radio,,
winograd_q_86,radio,,
winograd_q_87,radio,,
winograd_q_88,radio,,
winograd_q_89,radio,,
winograd_q_9,radio,,
winograd_q_90,radio,,
winograd_q_91,radio,,
winograd_q_92,radio,,
winograd_q_93,radio,,
winograd_q_94,radio,,
winograd_q_95,radio,,
winograd_q_96,radio,,
winograd_q_97,radio,,
winograd_q_98,radio,,
winograd_q_99,radio,,
winograd_questions_asked,text,,
winograd_score,text,,
winograd_session_id,text,,
winograd_started_at,text,,y
winograd_via,radio,,
withdrawn_consent_date,text,date_mdy,y
withdrawn_consent_reason,text,,y
worried,radio,,
worry_too_much,radio,,
wrapping_up,radio,,
years_used_nicotine,radio,,
zipcode,text,,y
