country,postal_code_prefix,region
US,005,NY
US,010,MA
US,011,MA
US,012,MA
US,013,MA
US,014,MA
US,015,MA
US,016,MA
US,017,MA
US,018,MA
US,019,MA
US,020,MA
US,021,MA
US,022,MA
US,023,MA
US,024,MA
US,025,MA
US,026,MA
US,027,MA
US,028,RI
US,029,RI
US,030,NH
US,031,NH
US,032,NH
US,033,NH
US,034,NH
US,035,NH
US,036,NH
US,037,NH
US,038,NH
US,039,ME
US,040,ME
US,041,ME
US,042,ME
US,043,ME
US,044,ME
US,045,ME
US,046,ME
US,047,ME
US,048,ME
US,049,ME
US,050,VT
US,051,VT
US,052,VT
US,053,VT
US,054,VT
US,055,MA
US,056,VT
US,057,VT
US,058,VT
US,059,VT
US,060,CT
US,061,CT
US,062,CT
US,063,CT
US,06390,NY
US,064,CT
US,065,CT
US,066,CT
US,067,CT
US,068,CT
US,069,CT
US,070,NJ
US,071,NJ
US,072,NJ
US,073,NJ
US,074,NJ
US,075,NJ
US,076,NJ
US,077,NJ
US,078,NJ
US,079,NJ
US,080,NJ
US,081,NJ
US,082,NJ
US,083,NJ
US,084,NJ
US,085,NJ
US,086,NJ
US,087,NJ
US,088,NJ
US,089,NJ
US,100,NY
US,101,NY
US,102,NY
US,103,NY
US,104,NY
US,105,NY
US,106,NY
US,107,NY
US,108,NY
US,109,NY
US,110,NY
US,111,NY
US,112,NY
US,113,NY
US,114,NY
US,115,NY
US,116,NY
US,117,NY
US,118,NY
US,119,NY
US,120,NY
US,121,NY
US,122,NY
US,123,NY
US,124,NY
US,125,NY
US,126,NY
US,127,NY
US,128,NY
US,129,NY
US,130,NY
US,131,NY
US,132,NY
US,133,NY
US,134,NY
US,135,NY
US,136,NY
US,137,NY
US,138,NY
US,139,NY
US,140,NY
US,141,NY
US,142,NY
US,143,NY
US,144,NY
US,145,NY
US,146,NY
US,147,NY
US,148,NY
US,149,NY
US,150,PA
US,151,PA
US,152,PA
US,153,PA
US,154,PA
US,155,PA
US,156,PA
US,157,PA
US,158,PA
US,159,PA
US,160,PA
US,161,PA
US,162,PA
US,163,PA
US,164,PA
US,165,PA
US,166,PA
US,167,PA
US,168,PA
US,169,PA
US,170,PA
US,171,PA
US,172,PA
US,173,PA
US,174,PA
US,175,PA
US,176,PA
US,177,PA
US,178,PA
US,179,PA
US,180,PA
US,181,PA
US,182,PA
US,183,PA
US,184,PA
US,185,PA
US,186,PA
US,187,PA
US,188,PA
US,189,PA
US,190,PA
US,191,PA
US,192,PA
US,193,PA
US,194,PA
US,195,PA
US,196,PA
US,197,DE
US,198,DE
US,199,DE
US,200,DC
US,201,VA
US,202,DC
US,203,DC
US,204,DC
US,205,DC
US,20588,MD
US,20598,VA
US,206,MD
US,207,MD
US,208,MD
US,209,MD
US,210,MD
US,211,MD
US,212,MD
US,214,MD
US,215,MD
US,216,MD
US,217,MD
US,218,MD
US,219,MD
US,220,VA
US,221,VA
US,222,VA
US,223,VA
US,224,VA
US,225,VA
US,226,VA
US,227,VA
US,228,VA
US,229,VA
US,230,VA
US,231,VA
US,232,VA
US,233,VA
US,234,VA
US,235,VA
US,236,VA
US,237,VA
US,238,VA
US,239,VA
US,240,VA
US,241,VA
US,242,VA
US,243,VA
US,244,VA
US,245,VA
US,246,VA
US,247,WV
US,248,WV
US,249,WV
US,250,WV
US,251,WV
US,252,WV
US,253,WV
US,254,WV
US,255,WV
US,256,WV
US,257,WV
US,258,WV
US,259,WV
US,260,WV
US,261,WV
US,262,WV
US,263,WV
US,264,WV
US,265,WV
US,266,WV
US,267,WV
US,268,WV
US,270,NC
US,271,NC
US,272,NC
US,273,NC
US,274,NC
US,275,NC
US,276,NC
US,277,NC
US,278,NC
US,279,NC
US,280,NC
US,281,NC
US,282,NC
US,283,NC
US,284,NC
US,285,NC
US,286,NC
US,287,NC
US,288,NC
US,289,NC
US,290,SC
US,291,SC
US,292,SC
US,293,SC
US,294,SC
US,295,SC
US,296,SC
US,297,SC
US,298,SC
US,299,SC
US,300,GA
US,301,GA
US,302,GA
US,303,GA
US,304,GA
US,305,GA
US,306,GA
US,307,GA
US,308,GA
US,309,GA
US,310,GA
US,311,GA
US,312,GA
US,313,GA
US,314,GA
US,315,GA
US,316,GA
US,317,GA
US,318,GA
US,319,GA
US,320,FL
US,321,FL
US,322,FL
US,323,FL
US,324,FL
US,325,FL
US,326,FL
US,327,FL
US,328,FL
US,329,FL
US,330,FL
US,331,FL
US,332,FL
US,333,FL
US,334,FL
US,335,FL
US,336,FL
US,337,FL
US,338,FL
US,339,FL
US,341,FL
US,342,FL
US,344,FL
US,346,FL
US,347,FL
US,349,FL
US,350,AL
US,351,AL
US,352,AL
US,354,AL
US,355,AL
US,356,AL
US,357,AL
US,358,AL
US,359,AL
US,360,AL
US,361,AL
US,362,AL
US,363,AL
US,364,AL
US,365,AL
US,366,AL
US,367,AL
US,368,AL
US,369,AL
US,370,TN
US,371,TN
US,372,TN
US,373,TN
US,374,TN
US,375,TN
US,376,TN
US,377,TN
US,378,TN
US,379,TN
US,380,TN
US,381,TN
US,382,TN
US,383,TN
US,384,TN
US,385,TN
US,386,MS
US,387,MS
US,388,MS
US,389,MS
US,390,MS
US,391,MS
US,392,MS
US,393,MS
US,394,MS
US,395,MS
US,396,MS
US,397,MS
US,398,GA
US,399,GA
US,400,KY
US,401,KY
US,402,KY
US,403,KY
US,404,KY
US,405,KY
US,406,KY
US,407,KY
US,408,KY
US,409,KY
US,410,KY
US,411,KY
US,412,KY
US,413,KY
US,414,KY
US,415,KY
US,416,KY
US,417,KY
US,418,KY
US,420,KY
US,421,KY
US,422,KY
US,423,KY
US,424,KY
US,425,KY
US,426,KY
US,427,KY
US,430,OH
US,431,OH
US,432,OH
US,433,OH
US,434,OH
US,435,OH
US,436,OH
US,437,OH
US,438,OH
US,439,OH
US,440,OH
US,441,OH
US,442,OH
US,443,OH
US,444,OH
US,445,OH
US,446,OH
US,447,OH
US,448,OH
US,449,OH
US,450,OH
US,451,OH
US,452,OH
US,453,OH
US,454,OH
US,455,OH
US,456,OH
US,457,OH
US,458,OH
US,459,OH
US,460,IN
US,461,IN
US,462,IN
US,463,IN
US,464,IN
US,465,IN
US,466,IN
US,467,IN
US,468,IN
US,469,IN
US,470,IN
US,471,IN
US,472,IN
US,473,IN
US,474,IN
US,475,IN
US,476,IN
US,477,IN
US,478,IN
US,479,IN
US,480,MI
US,481,MI
US,482,MI
US,483,MI
US,484,MI
US,485,MI
US,486,MI
US,487,MI
US,488,MI
US,489,MI
US,490,MI
US,491,MI
US,492,MI
US,493,MI
US,494,MI
US,495,MI
US,496,MI
US,497,MI
US,498,MI
US,499,MI
US,500,IA
US,501,IA
US,502,IA
US,503,IA
US,504,IA
US,505,IA
US,506,IA
US,507,IA
US,508,IA
US,509,IA
US,510,IA
US,511,IA
US,512,IA
US,513,IA
US,514,IA
US,515,IA
US,516,IA
US,520,IA
US,521,IA
US,522,IA
US,523,IA
US,524,IA
US,525,IA
US,526,IA
US,527,IA
US,528,IA
US,530,WI
US,531,WI
US,532,WI
US,534,WI
US,535,WI
US,537,WI
US,538,WI
US,539,WI
US,540,WI
US,541,WI
US,542,WI
US,543,WI
US,544,WI
US,545,WI
US,546,WI
US,547,WI
US,548,WI
US,549,WI
US,550,MN
US,551,MN
US,553,MN
US,554,MN
US,555,MN
US,556,MN
US,557,MN
US,558,MN
US,559,MN
US,560,MN
US,561,MN
US,562,MN
US,563,MN
US,564,MN
US,565,MN
US,566,MN
US,567,MN
US,569,DC
US,570,SD
US,571,SD
US,572,SD
US,573,SD
US,574,SD
US,575,SD
US,576,SD
US,577,SD
US,580,ND
US,581,ND
US,582,ND
US,583,ND
US,584,ND
US,585,ND
US,586,ND
US,587,ND
US,588,ND
US,590,MT
US,591,MT
US,592,MT
US,593,MT
US,594,MT
US,595,MT
US,596,MT
US,597,MT
US,598,MT
US,599,MT
US,600,IL
US,601,IL
US,602,IL
US,603,IL
US,604,IL
US,605,IL
US,606,IL
US,607,IL
US,608,IL
US,609,IL
US,610,IL
US,611,IL
US,612,IL
US,613,IL
US,614,IL
US,615,IL
US,616,IL
US,617,IL
US,618,IL
US,619,IL
US,620,IL
US,622,IL
US,623,IL
US,624,IL
US,625,IL
US,626,IL
US,627,IL
US,628,IL
US,629,IL
US,630,MO
US,631,MO
US,633,MO
US,634,MO
US,635,MO
US,636,MO
US,637,MO
US,638,MO
US,639,MO
US,640,MO
US,641,MO
US,644,MO
US,645,MO
US,646,MO
US,647,MO
US,648,MO
US,649,MO
US,650,MO
US,651,MO
US,652,MO
US,653,MO
US,654,MO
US,655,MO
US,656,MO
US,657,MO
US,658,MO
US,660,KS
US,661,KS
US,662,KS
US,664,KS
US,665,KS
US,666,KS
US,667,KS
US,668,KS
US,669,KS
US,670,KS
US,671,KS
US,672,KS
US,673,KS
US,674,KS
US,675,KS
US,676,KS
US,677,KS
US,678,KS
US,679,KS
US,680,NE
US,681,NE
US,683,NE
US,684,NE
US,685,NE
US,686,NE
US,687,NE
US,688,NE
US,689,NE
US,690,NE
US,691,NE
US,692,NE
US,693,NE
US,700,LA
US,701,LA
US,703,LA
US,704,LA
US,705,LA
US,706,LA
US,707,LA
US,708,LA
US,710,LA
US,711,LA
US,712,LA
US,713,LA
US,714,LA
US,716,AR
US,717,AR
US,718,AR
US,719,AR
US,720,AR
US,721,AR
US,722,AR
US,723,AR
US,724,AR
US,725,AR
US,726,AR
US,72643,MO
US,727,AR
US,728,AR
US,729,AR
US,730,OK
US,731,OK
US,733,TX
US,734,OK
US,735,OK
US,736,OK
US,737,OK
US,738,OK
US,739,OK
US,73960,TX
US,740,OK
US,741,OK
US,743,OK
US,744,OK
US,745,OK
US,746,OK
US,747,OK
US,748,OK
US,749,OK
US,750,TX
US,751,TX
US,752,TX
US,753,TX
US,754,TX
US,755,TX
US,756,TX
US,757,TX
US,758,TX
US,759,TX
US,760,TX
US,761,TX
US,762,TX
US,763,TX
US,764,TX
US,765,TX
US,766,TX
US,767,TX
US,768,TX
US,769,TX
US,770,TX
US,772,TX
US,773,TX
US,774,TX
US,775,TX
US,776,TX
US,777,TX
US,778,TX
US,779,TX
US,780,TX
US,781,TX
US,782,TX
US,783,TX
US,784,TX
US,785,TX
US,786,TX
US,787,TX
US,788,TX
US,789,TX
US,790,TX
US,791,TX
US,792,TX
US,793,TX
US,794,TX
US,795,TX
US,796,TX
US,797,TX
US,798,TX
US,799,TX
US,800,CO
US,801,CO
US,802,CO
US,803,CO
US,804,CO
US,805,CO
US,806,CO
US,807,CO
US,808,CO
US,809,CO
US,810,CO
US,811,CO
US,812,CO
US,813,CO
US,814,CO
US,815,CO
US,816,CO
US,820,WY
US,821,WY
US,822,WY
US,823,WY
US,824,WY
US,825,WY
US,826,WY
US,827,WY
US,828,WY
US,829,WY
US,830,WY
US,831,WY
US,832,ID
US,833,ID
US,834,ID
US,83414,WY
US,835,ID
US,836,ID
US,837,ID
US,838,ID
US,840,UT
US,841,UT
US,842,UT
US,843,UT
US,844,UT
US,845,UT
US,846,UT
US,847,UT
US,850,AZ
US,851,AZ
US,852,AZ
US,853,AZ
US,855,AZ
US,856,AZ
US,857,AZ
US,859,AZ
US,860,AZ
US,863,AZ
US,864,AZ
US,865,AZ
US,870,NM
US,871,NM
US,873,NM
US,874,NM
US,875,NM
US,876,NM
US,877,NM
US,878,NM
US,879,NM
US,880,NM
US,881,NM
US,882,NM
US,883,NM
US,884,NM
US,885,TX
US,889,NV
US,890,NV
US,891,NV
US,893,NV
US,894,NV
US,895,NV
US,897,NV
US,898,NV
US,900,CA
US,901,CA
US,902,CA
US,903,CA
US,904,CA
US,905,CA
US,906,CA
US,907,CA
US,908,CA
US,910,CA
US,911,CA
US,912,CA
US,913,CA
US,914,CA
US,915,CA
US,916,CA
US,917,CA
US,918,CA
US,919,CA
US,920,CA
US,921,CA
US,922,CA
US,923,CA
US,924,CA
US,925,CA
US,926,CA
US,927,CA
US,928,CA
US,930,CA
US,931,CA
US,932,CA
US,933,CA
US,934,CA
US,935,CA
US,936,CA
US,937,CA
US,938,CA
US,939,CA
US,940,CA
US,941,CA
US,942,CA
US,943,CA
US,944,CA
US,945,CA
US,946,CA
US,947,CA
US,948,CA
US,949,CA
US,950,CA
US,951,CA
US,952,CA
US,953,CA
US,954,CA
US,955,CA
US,956,CA
US,957,CA
US,958,CA
US,959,CA
US,960,CA
US,961,CA
US,967,HI
US,968,HI
US,969,MH
US,970,OR
US,971,OR
US,972,OR
US,973,OR
US,974,OR
US,975,OR
US,976,OR
US,977,OR
US,978,OR
US,979,OR
US,980,WA
US,981,WA
US,982,WA
US,983,WA
US,984,WA
US,985,WA
US,986,WA
US,988,WA
US,989,WA
US,990,WA
US,991,WA
US,992,WA
US,993,WA
US,994,WA
US,995,AK
US,996,AK
US,997,AK
US,998,AK
US,999,AK
CA,A,NL
CA,B,NS
CA,C,PE
CA,E,NB
CA,G,QC
CA,H,QC
CA,J,QC
CA,K,ON
CA,L,ON
CA,M,ON
CA,N,ON
CA,P,ON
CA,R,MB
CA,S,SK
CA,T,AB
CA,V,BC
CA,X0A,NU
CA,X0B,NU
CA,X0C,NU
CA,X0E,NT
CA,X0G,NT
CA,X1A,NT
CA,Y,YT
