{
    "diagnois_bl_gsd": {
        "description": "Indicates if the participant has a benign lesion confirmed by laryngoscopy or stroboscopy."
    },
    "diagnosis_bl_ds": {
        "description": "Indicates the participant’s diagnosis of a benign lesion."
    },
    "diagnosis_bl_etiology": {
        "description": "Specifies the etiology or cause of the participant’s benign lesion."
    },
    "diagnosis_bl_ds_ll": {
        "description": "Indicates the location of the participant’s benign lesion."
    },
    "diagnosis_bl_degree_os_1": {
        "description": "Indicates the overall severity of the participant’s benign lesion."
    },
    "diagnosis_bl_degree_os_2": {
        "description": "Indicates an alternative measure of the overall severity of the participant’s benign lesion."
    },
    "diagnosis_bl_degree_r_1": {
        "description": "Indicates the roughness of the participant’s voice due to the benign lesion."
    },
    "diagnosis_bl_degree_r_2": {
        "description": "Indicates an alternative measure of the roughness of the participant’s voice due to the benign lesion."
    },
    "diagnosis_bl_degree_b_1": {
        "description": "Indicates the breathiness of the participant’s voice due to the benign lesion."
    },
    "diagnosis_bl_degree_b_2": {
        "description": "Indicates an alternative measure of the breathiness of the participant’s voice due to the benign lesion."
    },
    "diagnosis_bl_degree_s_1": {
        "description": "Indicates the strain in the participant’s voice due to the benign lesion."
    },
    "diagnosis_bl_degree_s_2": {
        "description": "Indicates an alternative measure of the strain in the participant’s voice due to the benign lesion."
    },
    "diagnosis_bl_degree_p_1": {
        "description": "Indicates the pitch of the participant’s voice due to the benign lesion."
    },
    "diagnosis_bl_degree_p_2": {
        "description": "Indicates an alternative measure of the pitch of the participant’s voice due to the benign lesion."
    },
    "diagnosis_bl_degree_l_1": {
        "description": "Indicates the loudness of the participant’s voice due to the benign lesion."
    },
    "diagnosis_bl_degree_l_2": {
        "description": "Indicates an alternative measure of the loudness of the participant’s voice due to the benign lesion."
    },
    "diagnosis_bl_degree_comments": {
        "description": "Provides additional comments about the resonance of the participant’s voice due to the benign lesion."
    },
    "diagnosis_bl_treatment": {
        "description": "Indicates if the participant has undergone any treatment for the benign lesion."
    },
    "diagnosis_bl_treatment_select___voice_or_speech_therapy": {
        "description": "Indicates if the participant has undergone voice or speech therapy as treatment for the benign lesion."
    },
    "diagnosis_bl_treatment_select___laryngeal_microsurgery": {
        "description": "Indicates if the participant has undergone laryngeal microsurgery as treatment for the benign lesion."
    },
    "diagnosis_bl_treatment_select___voice_rest": {
        "description": "Indicates if the participant has undergone voice rest as treatment for the benign lesion."
    },
    "diagnosis_bl_treatment_select___other": {
        "description": "Indicates if the participant has undergone other treatments for the benign lesion."
    },
    "diagnosis_bl_treatment_lm": {
        "description": "Indicates if the participant has undergone laryngeal microsurgery for the benign lesion."
    }
}
