{
    "stroop_session_id": {
        "description": "Unique identifier for the Stroop session."
    },
    "stroop_recording_acoustic_task_id": {
        "description": "The unique identifier for the Stroop recording acoustic task."
    },
    "stroop_duration": {
        "description": "Total duration of the Stroop task."
    },
    "stroop_item_stimulus_1": {
        "description": "Stimulus presented for Stroop item 1."
    },
    "stroop_item_color_1": {
        "description": "Color identified by the participant for Stroop item 1."
    },
    "stroop_item_time_1": {
        "description": "Time taken to respond to Stroop item 1."
    },
    "stroop_item_stimulus_2": {
        "description": "Stimulus presented for Stroop item 2."
    },
    "stroop_item_color_2": {
        "description": "Color identified by the participant for Stroop item 2."
    },
    "stroop_item_time_2": {
        "description": "Measures the response time for Stroop task item 2."
    },
    "stroop_item_stimulus_3": {
        "description": "Stimulus presented for Stroop item 3."
    },
    "stroop_item_color_3": {
        "description": "Color identified by the participant for Stroop item 3."
    },
    "stroop_item_time_3": {
        "description": "Time taken by the participant to respond to Stroop item 3."
    },
    "stroop_item_stimulus_4": {
        "description": "Stimulus presented for Stroop item 4."
    },
    "stroop_item_color_4": {
        "description": "Indicates the color used in Stroop task item 4."
    },
    "stroop_item_time_4": {
        "description": "Time taken to respond to Stroop item 4."
    },
    "stroop_item_stimulus_5": {
        "description": "Stimulus presented for Stroop item 5."
    },
    "stroop_item_color_5": {
        "description": "Color identified by the participant for Stroop item 5."
    },
    "stroop_item_time_5": {
        "description": "Measures the response time for Stroop task item 5."
    },
    "stroop_item_stimulus_6": {
        "description": "Stimulus presented for Stroop item 6."
    },
    "stroop_item_color_6": {
        "description": "Color identified by the participant for Stroop item 6."
    },
    "stroop_item_time_6": {
        "description": "Measures the response time for Stroop task item 6."
    },
    "stroop_item_stimulus_7": {
        "description": "Stimulus presented for Stroop item 7."
    },
    "stroop_item_color_7": {
        "description": "Color identified by the participant for Stroop item 7."
    },
    "stroop_item_time_7": {
        "description": "Time taken to respond to Stroop item 7."
    },
    "stroop_item_stimulus_8": {
        "description": "Stimulus presented for Stroop item 8."
    },
    "stroop_item_color_8": {
        "description": "Color identified by the participant for Stroop item 8."
    },
    "stroop_item_time_8": {
        "description": "Time taken to respond to Stroop item 8."
    },
    "stroop_item_stimulus_9": {
        "description": "Stimulus presented for Stroop item 9."
    },
    "stroop_item_color_9": {
        "description": "Color identified by the participant for Stroop item 9."
    },
    "stroop_item_time_9": {
        "description": "Time taken to respond to Stroop item 9."
    },
    "stroop_item_stimulus_10": {
        "description": "Stimulus presented for Stroop item 10."
    },
    "stroop_item_color_10": {
        "description": "Color identified by the participant for Stroop item 10."
    },
    "stroop_item_time_10": {
        "description": "Time taken to respond to Stroop item 10."
    },
    "stroop_item_stimulus_11": {
        "description": "Stimulus presented for Stroop item 11."
    },
    "stroop_item_color_11": {
        "description": "Color identified by the participant for Stroop item 11."
    },
    "stroop_item_time_11": {
        "description": "Time taken to respond to Stroop item 11."
    },
    "stroop_item_stimulus_12": {
        "description": "Stimulus presented for Stroop item 12."
    },
    "stroop_item_color_12": {
        "description": "Color identified by the participant for Stroop item 12."
    },
    "stroop_item_time_12": {
        "description": "Time taken to respond to Stroop item 12."
    },
    "stroop_item_stimulus_13": {
        "description": "Stimulus presented for Stroop item 13."
    },
    "stroop_item_color_13": {
        "description": "Color identified by the participant for Stroop item 13."
    },
    "stroop_item_time_13": {
        "description": "Time taken to respond to Stroop item 13."
    },
    "stroop_item_stimulus_14": {
        "description": "Indicates the stimulus presented in Stroop task item 14."
    },
    "stroop_item_color_14": {
        "description": "Color identified by the participant for Stroop item 14."
    },
    "stroop_item_time_14": {
        "description": "Measures the response time for Stroop task item 14."
    },
    "stroop_item_stimulus_15": {
        "description": "Indicates the stimulus presented in Stroop task item 15."
    },
    "stroop_item_color_15": {
        "description": "Color identified by the participant for Stroop item 15."
    },
    "stroop_item_time_15": {
        "description": "Measures the response time for Stroop task item 15."
    }
}
