{
    "winograd_session_id": {
        "description": "Unique identifier for the Winograd schema session."
    },
    "winograd_duration": {
        "description": "Total duration of the Winograd schema task."
    },
    "winograd_score": {
        "description": "The score for the Winograd schema challenge for the participant."
    },
    "winograd_number_questions": {
        "description": "The total number of Winograd questions presented to the participant."
    },
    "winograd_questions_asked": {
        "description": "The total number of Winograd questions asked during the session."
    },
    "winograd_q_1": {
        "description": "Response to Winograd question 1: 'Can the participant interpret social dynamics based on context?'"
    },
    "winograd_q_2": {
        "description": "Response to Winograd question 2: 'Can the participant interpret the outcome of an ambiguous scenario?'"
    },
    "winograd_q_3": {
        "description": "Response to Winograd question 3: 'Can the participant infer the intentions of others based on contextual clues?'"
    },
    "winograd_q_4": {
        "description": "Response to Winograd question 4: 'Can the participant resolve ambiguity in a situation involving social dynamics?'"
    },
    "winograd_q_5": {
        "description": "Response to Winograd question 5: 'Can the participant make inferences about an agent's actions based on context?'"
    },
    "winograd_q_6": {
        "description": "Response to Winograd question 6: 'Can the participant reason about an everyday scenario involving multiple agents?'"
    },
    "winograd_q_7": {
        "description": "Response to Winograd question 7: 'Can the participant make logical inferences about everyday situations?'"
    },
    "winograd_q_8": {
        "description": "Response to Winograd question 8: 'Can the participant infer the correct outcome in a scenario involving social dynamics?'"
    },
    "winograd_q_9": {
        "description": "Response to Winograd question 9: 'Does the participant understand cause and effect relationships in social interactions?'"
    },
    "winograd_q_10": {
        "description": "Response to Winograd question 10: 'Can the participant infer the correct outcome in a scenario involving social dynamics?'"
    },
    "winograd_q_11": {
        "description": "Response to Winograd question 11: 'Can the participant infer the correct outcome based on reasoning?'"
    },
    "winograd_q_12": {
        "description": "Response to Winograd question 12: 'Can the participant infer the intentions of others based on context?'"
    },
    "winograd_q_13": {
        "description": "Response to Winograd question 13: 'Can the participant reason about the effects of actions in a social scenario?'"
    },
    "winograd_q_14": {
        "description": "Response to Winograd question 14: 'Can the participant resolve ambiguity in a scenario involving multiple agents?'"
    },
    "winograd_q_15": {
        "description": "Response to Winograd question 15: 'Can the participant reason through cause and effect in a social scenario?'"
    },
    "winograd_q_16": {
        "description": "Response to Winograd question 16: 'Can the participant make logical inferences about cause and effect in a scenario?'"
    },
    "winograd_q_17": {
        "description": "Response to Winograd question 17: 'Can the participant infer the correct outcome in a scenario involving multiple agents?'"
    },
    "winograd_q_18": {
        "description": "Response to Winograd question 18: 'Can the participant use common sense reasoning to infer the outcome of a situation?'"
    },
    "winograd_q_19": {
        "description": "Response to Winograd question 19: 'Does the participant demonstrate the ability to understand cause and effect in a scenario?'"
    },
    "winograd_q_20": {
        "description": "Response to Winograd question 20: 'Can the participant reason through social interactions in a scenario involving multiple agents?'"
    },
    "winograd_q_21": {
        "description": "Response to Winograd question 21: 'Can the participant reason through the effects of actions in a social scenario?'"
    },
    "winograd_q_22": {
        "description": "Response to Winograd question 22: 'Can the participant infer the correct outcome in a scenario involving multiple agents?'"
    },
    "winograd_q_23": {
        "description": "Response to Winograd question 23: 'Can the participant reason about the intentions of others based on contextual clues?'"
    },
    "winograd_q_24": {
        "description": "Response to Winograd question 24: 'Can the participant reason about the consequences of actions in an ambiguous situation?'"
    },
    "winograd_q_25": {
        "description": "Response to Winograd question 25: 'Does the participant demonstrate an understanding of cause and effect in social situations?'"
    },
    "winograd_q_26": {
        "description": "Response to Winograd question 26: 'Can the participant make inferences about social behaviors?'"
    },
    "winograd_q_27": {
        "description": "Response to Winograd question 27: 'Can the participant make logical inferences about the actions of others in a scenario?'"
    },
    "winograd_q_28": {
        "description": "Response to Winograd question 28: 'Can the participant reason logically about cause and effect?'"
    },
    "winograd_q_29": {
        "description": "Response to Winograd question 29: 'Does the participant demonstrate common-sense reasoning in a social scenario?'"
    },
    "winograd_q_30": {
        "description": "Response to Winograd question 30: 'Can the participant make logical deductions about social interactions?'"
    },
    "winograd_q_31": {
        "description": "Response to Winograd question 31: 'Does the participant understand logical cause and effect relationships?'"
    },
    "winograd_q_32": {
        "description": "Response to Winograd question 32: 'Can the participant recognize the logical outcomes of actions in social contexts?'"
    },
    "winograd_q_33": {
        "description": "Response to Winograd question 33: 'Can the participant infer the intentions of others based on contextual clues?'"
    },
    "winograd_q_34": {
        "description": "Response to Winograd question 34: 'Can the participant infer the correct outcome in a scenario involving multiple agents?'"
    },
    "winograd_q_35": {
        "description": "Response to Winograd question 35: 'Can the participant reason through social interactions in a scenario involving multiple agents?'"
    },
    "winograd_q_36": {
        "description": "Response to Winograd question 36: 'Does the participant demonstrate common-sense reasoning in a scenario involving multiple agents?'"
    },
    "winograd_q_37": {
        "description": "Response to Winograd question 37: 'Does the participant demonstrate common-sense reasoning in resolving ambiguity in a social situation?'"
    },
    "winograd_q_38": {
        "description": "Response to Winograd question 38: 'Can the participant make logical inferences about the intentions of others in a scenario?'"
    },
    "winograd_q_39": {
        "description": "Response to Winograd question 39: 'Can the participant identify logical outcomes in a given situation?'"
    },
    "winograd_q_40": {
        "description": "Response to Winograd question 40: 'Can the participant make logical inferences about the actions of others in a social situation?'"
    },
    "winograd_q_41": {
        "description": "Response to Winograd question 41: 'Can the participant reason through ambiguity in a social situation?'"
    },
    "winograd_q_42": {
        "description": "Response to Winograd question 42: 'Can the participant infer the intentions of others based on contextual clues?'"
    },
    "winograd_q_43": {
        "description": "Response to Winograd question 43: 'Can the participant resolve ambiguous references in a text?'"
    },
    "winograd_q_44": {
        "description": "Response to Winograd question 44: 'Can the participant resolve ambiguity in an interpersonal situation?'"
    },
    "winograd_q_45": {
        "description": "Response to Winograd question 45: 'Does the participant understand abstract social concepts?'"
    },
    "winograd_q_46": {
        "description": "Response to Winograd question 46: 'Can the participant reason through ambiguity in a scenario involving multiple agents?'"
    },
    "winograd_q_47": {
        "description": "Response to Winograd question 47: 'Can the participant infer the correct outcome in a scenario involving social dynamics?'"
    },
    "winograd_q_48": {
        "description": "Response to Winograd question 48: 'Can the participant infer the correct outcome in a social situation involving multiple agents?'"
    },
    "winograd_q_49": {
        "description": "Response to Winograd question 49: 'Does the participant demonstrate an understanding of cause and effect in social interactions?'"
    },
    "winograd_q_50": {
        "description": "Response to Winograd question 50: 'Can the participant make logical inferences about the actions of others in a hypothetical scenario?'"
    },
    "winograd_q_51": {
        "description": "Response to Winograd question 51: 'Can the participant reason about the consequences of an action in a hypothetical situation?'"
    },
    "winograd_q_52": {
        "description": "Response to Winograd question 52: 'Can the participant make logical inferences about the actions of others in a social situation?'"
    },
    "winograd_q_53": {
        "description": "Response to Winograd question 53: 'Can the participant infer an action based on contextual cues?'"
    },
    "winograd_q_54": {
        "description": "Response to Winograd question 54: 'Does the participant demonstrate the ability to understand cause and effect in a hypothetical situation?'"
    },
    "winograd_q_55": {
        "description": "Response to Winograd question 55: 'Does the participant demonstrate an understanding of cause and effect in a hypothetical situation?'"
    },
    "winograd_q_56": {
        "description": "Response to Winograd question 56: 'Does the participant demonstrate common-sense reasoning in interpreting social dynamics?'"
    },
    "winograd_q_57": {
        "description": "Response to Winograd question 57: 'Can the participant make inferences based on actions in a social situation?'"
    },
    "winograd_q_58": {
        "description": "Response to Winograd question 58: 'Can the participant make logical inferences about the intentions of others in a social situation?'"
    },
    "winograd_q_59": {
        "description": "Response to Winograd question 59: 'Can the participant interpret the actions of others based on context?'"
    },
    "winograd_q_60": {
        "description": "Response to Winograd question 60: 'Can the participant resolve ambiguity in a scenario involving social interactions?'"
    },
    "winograd_q_61": {
        "description": "Response to Winograd question 61: 'Can the participant reason logically about consequences in social interactions?'"
    },
    "winograd_q_62": {
        "description": "Response to Winograd question 62: 'Can the participant infer the intentions of others based on contextual clues?'"
    },
    "winograd_q_63": {
        "description": "Response to Winograd question 63: 'Can the participant make logical deductions about cause and effect?'"
    },
    "winograd_q_64": {
        "description": "Response to Winograd question 64: 'Can the participant make logical inferences about the actions of others in a social scenario?'"
    },
    "winograd_q_65": {
        "description": "Response to Winograd question 65: 'Can the participant reason through social interactions in a hypothetical situation?'"
    },
    "winograd_q_66": {
        "description": "Response to Winograd question 66: 'Can the participant infer the correct outcome in a scenario involving multiple agents?'"
    },
    "winograd_q_67": {
        "description": "Response to Winograd question 67: 'Can the participant reason about the intentions of others based on the given context?'"
    },
    "winograd_q_68": {
        "description": "Response to Winograd question 68: 'Can the participant infer the correct outcome in a social situation involving multiple agents?'"
    },
    "winograd_q_69": {
        "description": "Response to Winograd question 69: 'Can the participant apply common sense reasoning to solve practical problems?'"
    },
    "winograd_q_70": {
        "description": "Response to Winograd question 70: 'Can the participant infer the intentions of others based on the given context?'"
    },
    "winograd_q_71": {
        "description": "Response to Winograd question 71: 'Can the participant infer the correct outcome in a situation involving social dynamics?'"
    },
    "winograd_q_72": {
        "description": "Response to Winograd question 72: 'Can the participant infer the correct outcome in an ambiguous scenario?'"
    },
    "winograd_q_73": {
        "description": "Response to Winograd question 73: 'Can the participant understand the intentions of others based on context?'"
    },
    "winograd_q_74": {
        "description": "Response to Winograd question 74: 'Does the participant demonstrate logical reasoning in the given scenario?'"
    },
    "winograd_q_75": {
        "description": "Response to Winograd question 75: 'Can the participant reason about cause and effect in complex scenarios?'"
    },
    "winograd_q_76": {
        "description": "Response to Winograd question 76: 'Can the participant infer the intentions of others based on the given context?'"
    },
    "winograd_q_77": {
        "description": "Response to Winograd question 77: 'Can the participant resolve ambiguity in a social scenario involving multiple agents?'"
    },
    "winograd_q_78": {
        "description": "Response to Winograd question 78: 'Can the participant infer the intentions of others in a hypothetical situation?'"
    },
    "winograd_q_79": {
        "description": "Response to Winograd question 79: 'Can the participant make logical inferences about the actions of others?'"
    },
    "winograd_q_80": {
        "description": "Response to Winograd question 80: 'Can the participant make logical inferences about the intentions of others in a social scenario?'"
    },
    "winograd_q_81": {
        "description": "Response to Winograd question 81: 'Can the participant reason through social interactions in a scenario involving multiple agents?'"
    },
    "winograd_q_82": {
        "description": "Response to Winograd question 82: 'Can the participant reason about the effects of actions in a hypothetical scenario?'"
    },
    "winograd_q_83": {
        "description": "Response to Winograd question 83: 'Can the participant make logical inferences about the effects of actions in a hypothetical situation?'"
    },
    "winograd_q_84": {
        "description": "Response to Winograd question 84: 'Can the participant interpret the actions of others in a hypothetical scenario?'"
    },
    "winograd_q_85": {
        "description": "Response to Winograd question 85: 'Can the participant understand logical outcomes in everyday scenarios?'"
    },
    "winograd_q_86": {
        "description": "Response to Winograd question 86: 'Can the participant interpret actions of agents in an everyday situation?'"
    },
    "winograd_q_87": {
        "description": "Response to Winograd question 87: 'Can the participant reason about the relationships between agents in a hypothetical situation?'"
    },
    "winograd_q_88": {
        "description": "Response to Winograd question 88: 'Can the participant reason through ambiguity in a scenario involving social dynamics?'"
    },
    "winograd_q_89": {
        "description": "Response to Winograd question 89: 'Can the participant reason through social interactions in a scenario involving multiple agents?'"
    },
    "winograd_q_90": {
        "description": "Response to Winograd question 90: 'Can the participant resolve ambiguity in a scenario involving multiple agents?'"
    },
    "winograd_q_91": {
        "description": "Response to Winograd question 91: 'Can the participant reason through social interactions in a hypothetical scenario?'"
    },
    "winograd_q_92": {
        "description": "Response to Winograd question 92: 'Can the participant infer logical outcomes in social scenarios?'"
    },
    "winograd_q_93": {
        "description": "Response to Winograd question 93: 'Can the participant reason through the effects of actions in a scenario involving social interactions?'"
    },
    "winograd_q_94": {
        "description": "Response to Winograd question 94: 'Can the participant reason through social interactions in a scenario involving multiple agents?'"
    },
    "winograd_q_95": {
        "description": "Response to Winograd question 95: 'Can the participant predict outcomes in a hypothetical scenario?'"
    },
    "winograd_q_96": {
        "description": "Response to Winograd question 96: 'Can the participant make logical conclusions based on context?'"
    },
    "winograd_q_97": {
        "description": "Response to Winograd question 97: 'Can the participant understand the implications of an agent's action?'"
    },
    "winograd_q_98": {
        "description": "Response to Winograd question 98: 'Does the participant demonstrate understanding of social dynamics in a scenario?'"
    },
    "winograd_q_99": {
        "description": "Response to Winograd question 99: 'Does the participant demonstrate common-sense reasoning in interpreting social situations?'"
    },
    "winograd_q_100": {
        "description": "Response to Winograd question 100: 'Can the participant resolve ambiguity in a situation involving social dynamics?'"
    },
    "winograd_q_101": {
        "description": "Response to Winograd question 101: 'Can the participant reason about the consequences of an agent's actions in a hypothetical situation?'"
    },
    "winograd_q_102": {
        "description": "Response to Winograd question 102: 'Does the participant demonstrate the ability to make logical inferences in a social situation?'"
    },
    "winograd_q_103": {
        "description": "Response to Winograd question 103: 'Can the participant interpret the actions of an agent in context?'"
    },
    "winograd_q_104": {
        "description": "Response to Winograd question 104: 'Can the participant resolve ambiguity in a situation involving multiple agents?'"
    },
    "winograd_q_105": {
        "description": "Response to Winograd question 105: 'Can the participant resolve ambiguity in a complex situation involving multiple agents?'"
    },
    "winograd_q_106": {
        "description": "Response to Winograd question 106: 'Can the participant make logical inferences about the actions of others?'"
    },
    "winograd_q_107": {
        "description": "Response to Winograd question 107: 'Can the participant interpret the actions of others in a complex social situation?'"
    },
    "winograd_q_108": {
        "description": "Response to Winograd question 108: 'Does the participant demonstrate common-sense reasoning in interpreting social situations?'"
    },
    "winograd_q_109": {
        "description": "Response to Winograd question 109: 'Can the participant apply common sense reasoning to solve a given problem?'"
    },
    "winograd_q_110": {
        "description": "Response to Winograd question 110: 'Does the participant demonstrate an understanding of cause and effect in a social situation?'"
    },
    "winograd_q_111": {
        "description": "Response to Winograd question 111: 'Does the participant demonstrate an understanding of social dynamics in a scenario involving multiple agents?'"
    },
    "winograd_q_112": {
        "description": "Response to Winograd question 112: 'Can the participant predict the effects of an action in a scenario?'"
    },
    "winograd_q_113": {
        "description": "Response to Winograd question 113: 'Can the participant use common sense reasoning to solve problems in social situations?'"
    },
    "winograd_q_114": {
        "description": "Response to Winograd question 114: 'Can the participant resolve ambiguity in a social scenario involving multiple agents?'"
    },
    "winograd_q_115": {
        "description": "Response to Winograd question 115: 'Can the participant reason about the relationship between two agents based on context?'"
    },
    "winograd_q_116": {
        "description": "Response to Winograd question 116: 'Can the participant infer the correct outcome in a situation involving social dynamics?'"
    },
    "winograd_q_117": {
        "description": "Response to Winograd question 117: 'Can the participant reason logically in social situations?'"
    },
    "winograd_q_118": {
        "description": "Response to Winograd question 118: 'Can the participant make logical inferences in social interactions?'"
    },
    "winograd_q_119": {
        "description": "Response to Winograd question 119: 'Can the participant resolve ambiguity in a social situation involving multiple agents?'"
    },
    "winograd_q_120": {
        "description": "Response to Winograd question 120: 'Can the participant reason through a common sense problem involving multiple agents?'"
    },
    "winograd_q_121": {
        "description": "Response to Winograd question 121: 'Can the participant resolve ambiguity in a scenario involving social interactions?'"
    },
    "winograd_q_122": {
        "description": "Response to Winograd question 122: 'Does the participant understand the implications of an action?'"
    },
    "winograd_q_123": {
        "description": "Response to Winograd question 123: 'Can the participant resolve ambiguity in a situation involving social dynamics?'"
    },
    "winograd_q_124": {
        "description": "Response to Winograd question 124: 'Can the participant resolve ambiguity in a social situation involving multiple agents?'"
    },
    "winograd_q_125": {
        "description": "Response to Winograd question 125: 'Can the participant infer the correct outcome in a scenario involving multiple agents?'"
    },
    "winograd_q_126": {
        "description": "Response to Winograd question 126: 'Can the participant resolve ambiguity in a hypothetical situation?'"
    },
    "winograd_q_127": {
        "description": "Response to Winograd question 127: 'Can the participant reason through ambiguity in a situation involving social interactions?'"
    },
    "winograd_q_128": {
        "description": "Response to Winograd question 128: 'Can the participant make commonsense inferences in hypothetical scenarios?'"
    },
    "winograd_q_129": {
        "description": "Response to Winograd question 129: 'Can the participant resolve ambiguity in a scenario involving social interactions?'"
    },
    "winograd_q_130": {
        "description": "Response to Winograd question 130: 'Can the participant reason through ambiguity in a scenario involving social dynamics?'"
    },
    "winograd_q_131": {
        "description": "Response to Winograd question 131: 'Can the participant reason about the consequences of their actions?'"
    },
    "winograd_q_132": {
        "description": "Response to Winograd question 132: 'Can the participant resolve an ambiguity in a scenario involving multiple agents?'"
    },
    "winograd_q_133": {
        "description": "Response to Winograd question 133: 'Can the participant resolve ambiguity in a situation involving social interactions?'"
    },
    "winograd_q_134": {
        "description": "Response to Winograd question 134: 'Can the participant reason through social interactions in a scenario involving multiple agents?'"
    },
    "winograd_q_135": {
        "description": "Response to Winograd question 135: 'Can the participant reason through ambiguity in a situation involving multiple agents?'"
    },
    "winograd_q_136": {
        "description": "Response to Winograd question 136: 'Can the participant infer the correct outcome in a social situation involving multiple agents?'"
    },
    "winograd_q_137": {
        "description": "Response to Winograd question 137: 'Can the participant reason about social dynamics in a hypothetical scenario?'"
    },
    "winograd_q_138": {
        "description": "Response to Winograd question 138: 'Can the participant make logical inferences about the actions of others in a scenario?'"
    },
    "winograd_q_139": {
        "description": "Response to Winograd question 139: 'Can the participant infer the motivations of others in a complex social interaction?'"
    },
    "winograd_q_140": {
        "description": "Response to Winograd question 140: 'Can the participant reason through social interactions in a scenario involving multiple agents?'"
    },
    "winograd_q_141": {
        "description": "Response to Winograd question 141: 'Can the participant infer the intentions of others based on contextual clues?'"
    },
    "winograd_q_142": {
        "description": "Response to Winograd question 142: 'Can the participant infer the correct referent in an ambiguous sentence?'"
    },
    "winograd_q_143": {
        "description": "Response to Winograd question 143: 'Can the participant make logical inferences about the actions of others based on context?'"
    },
    "winograd_q_144": {
        "description": "Response to Winograd question 144: 'Does the participant demonstrate understanding of cause and effect in ambiguous situations?'"
    },
    "winograd_q_145": {
        "description": "Response to Winograd question 145: 'Does the participant demonstrate common-sense reasoning in a scenario involving multiple agents?'"
    },
    "winograd_q_146": {
        "description": "Response to Winograd question 146: 'Can the participant resolve ambiguity in a hypothetical scenario?'"
    },
    "winograd_q_147": {
        "description": "Response to Winograd question 147: 'Can the participant interpret the actions of others in a complex social situation?'"
    },
    "winograd_q_148": {
        "description": "Response to Winograd question 148: 'Does the participant demonstrate an understanding of cause and effect in a social scenario?'"
    },
    "winograd_q_149": {
        "description": "Response to Winograd question 149: 'Can the participant interpret the intentions of others in a scenario?'"
    },
    "winograd_q_150": {
        "description": "Response to Winograd question 150: 'Can the participant make logical inferences about the actions of others?'"
    },
    "winograd_q_151": {
        "description": "Response to Winograd question 151: 'Does the participant reason about outcomes in hypothetical situations involving social interactions?'"
    },
    "winograd_q_152": {
        "description": "Response to Winograd question 152: 'Does the participant understand how actions lead to specific outcomes in a given scenario?'"
    },
    "winograd_q_153": {
        "description": "Response to Winograd question 153: 'Can the participant interpret an action based on its context?'"
    },
    "winograd_q_154": {
        "description": "Response to Winograd question 154: 'Does the participant demonstrate an understanding of cause and effect in social situations?'"
    },
    "winograd_q_155": {
        "description": "Response to Winograd question 155: 'Can the participant reason through ambiguity in a scenario involving social dynamics?'"
    },
    "winograd_q_156": {
        "description": "Response to Winograd question 156: 'Can the participant predict the outcomes of interpersonal dynamics in a hypothetical scenario?'"
    },
    "winograd_q_157": {
        "description": "Response to Winograd question 157: 'Can the participant resolve ambiguity in a scenario involving multiple agents?'"
    },
    "winograd_q_158": {
        "description": "Response to Winograd question 158: 'Can the participant reason through social interactions in a scenario involving multiple agents?'"
    },
    "winograd_q_159": {
        "description": "Response to Winograd question 159: 'Can the participant reason about the effects of actions in a social situation?'"
    },
    "winograd_q_160": {
        "description": "Response to Winograd question 160: 'Does the participant understand relationships between agents in a scenario?'"
    },
    "winograd_q_161": {
        "description": "Response to Winograd question 161: 'Does the participant demonstrate common-sense reasoning in interpreting social situations?'"
    },
    "winograd_q_162": {
        "description": "Response to Winograd question 162: 'Does the participant demonstrate common-sense reasoning in interpreting social situations?'"
    },
    "winograd_q_163": {
        "description": "Response to Winograd question 163: 'Can the participant resolve ambiguity in a scenario involving multiple agents?'"
    },
    "winograd_q_164": {
        "description": "Response to Winograd question 164: 'Does the participant understand the intentions of others based on contextual clues?'"
    },
    "winograd_q_165": {
        "description": "Response to Winograd question 165: 'Can the participant make logical inferences about the actions of others in a social situation?'"
    },
    "winograd_q_166": {
        "description": "Response to Winograd question 166: 'Can the participant make inferences about actions of agents in hypothetical scenarios?'"
    },
    "winograd_q_167": {
        "description": "Response to Winograd question 167: 'Can the participant reason about the intentions of others in a scenario involving social interactions?'"
    },
    "winograd_q_168": {
        "description": "Response to Winograd question 168: 'Can the participant resolve ambiguity in a scenario involving social interactions?'"
    },
    "winograd_q_169": {
        "description": "Response to Winograd question 169: 'Does the participant understand consequences in social interactions?'"
    },
    "winograd_q_170": {
        "description": "Response to Winograd question 170: 'Can the participant reason about the consequences of actions in a social situation?'"
    },
    "winograd_q_171": {
        "description": "Response to Winograd question 171: 'Does the participant demonstrate common-sense reasoning in resolving social conflicts?'"
    },
    "winograd_q_172": {
        "description": "Response to Winograd question 172: 'Can the participant reason about the consequences of actions in a social scenario?'"
    },
    "winograd_q_173": {
        "description": "Response to Winograd question 173: 'Can the participant interpret the actions of others in a hypothetical situation?'"
    },
    "winograd_q_174": {
        "description": "Response to Winograd question 174: 'Can the participant make logical inferences about the consequences of actions in a scenario?'"
    },
    "winograd_q_175": {
        "description": "Response to Winograd question 175: 'Can the participant make logical inferences about the effects of actions in a social context?'"
    },
    "winograd_q_176": {
        "description": "Response to Winograd question 176: 'Can the participant infer the correct outcome in a scenario involving social dynamics?'"
    },
    "winograd_q_177": {
        "description": "Response to Winograd question 177: 'Can the participant reason about agents and their actions in a complex situation?'"
    },
    "winograd_q_178": {
        "description": "Response to Winograd question 178: 'Can the participant reason through social interactions in a scenario involving multiple agents?'"
    },
    "winograd_q_179": {
        "description": "Response to Winograd question 179: 'Can the participant resolve ambiguity in a social scenario?'"
    },
    "winograd_q_180": {
        "description": "Response to Winograd question 180: 'Can the participant infer the correct outcome in a situation involving social dynamics?'"
    },
    "winograd_q_181": {
        "description": "Response to Winograd question 181: 'Does the participant demonstrate common-sense reasoning in interpreting a scenario involving multiple agents?'"
    },
    "winograd_q_182": {
        "description": "Response to Winograd question 182: 'Can the participant make inferences based on social expectations?'"
    },
    "winograd_q_183": {
        "description": "Response to Winograd question 183: 'Can the participant reason through cause and effect in a complex situation?'"
    },
    "winograd_q_184": {
        "description": "Response to Winograd question 184: 'Can the participant make logical inferences based on the actions of others?'"
    },
    "winograd_q_185": {
        "description": "Response to Winograd question 185: 'Does the participant demonstrate an understanding of cause-and-effect in a social scenario?'"
    },
    "winograd_q_186": {
        "description": "Response to Winograd question 186: 'Can the participant make logical inferences about the effects of actions in a social scenario?'"
    },
    "winograd_q_187": {
        "description": "Response to Winograd question 187: 'Can the participant reason through ambiguity in a scenario involving multiple agents?'"
    },
    "winograd_q_188": {
        "description": "Response to Winograd question 188: 'Can the participant make inferences about interpersonal dynamics in a hypothetical situation?'"
    },
    "winograd_q_189": {
        "description": "Response to Winograd question 189: 'Can the participant resolve ambiguity in a scenario involving multiple agents?'"
    },
    "winograd_q_190": {
        "description": "Response to Winograd question 190: 'Does the participant demonstrate common-sense reasoning in resolving social ambiguity?'"
    },
    "winograd_q_191": {
        "description": "Response to Winograd question 191: 'Can the participant reason through ambiguity in a social scenario?'"
    },
    "winograd_q_192": {
        "description": "Response to Winograd question 192: 'Does the participant understand ambiguous relationships between agents in a situation?'"
    },
    "winograd_q_193": {
        "description": "Response to Winograd question 193: 'Can the participant reason through cause-and-effect relationships in a social scenario?'"
    },
    "winograd_q_194": {
        "description": "Response to Winograd question 194: 'Can the participant resolve ambiguity in a scenario involving multiple agents?'"
    },
    "winograd_q_195": {
        "description": "Response to Winograd question 195: 'Does the participant demonstrate common-sense reasoning in interpreting social situations?'"
    },
    "winograd_q_196": {
        "description": "Response to Winograd question 196: 'Can the participant reason about the outcomes of hypothetical situations?'"
    },
    "winograd_q_197": {
        "description": "Response to Winograd question 197: 'Can the participant make logical inferences about the consequences of actions in a social scenario?'"
    },
    "winograd_q_198": {
        "description": "Response to Winograd question 198: 'Can the participant resolve ambiguity in a scenario involving multiple agents?'"
    },
    "winograd_q_199": {
        "description": "Response to Winograd question 199: 'Can the participant resolve ambiguity in a situation involving social dynamics?'"
    },
    "winograd_q_200": {
        "description": "Response to Winograd question 200: 'Can the participant infer the correct outcome in a scenario involving multiple agents?'"
    },
    "winograd_q_201": {
        "description": "Response to Winograd question 201: 'Can the participant resolve ambiguity in a scenario involving multiple agents?'"
    },
    "winograd_q_202": {
        "description": "Response to Winograd question 202: 'Can the participant infer logical consequences in a social context?'"
    },
    "winograd_q_203": {
        "description": "Response to Winograd question 203: 'Does the participant demonstrate an understanding of social dynamics in a hypothetical situation?'"
    },
    "winograd_q_204": {
        "description": "Response to Winograd question 204: 'Can the participant make logical inferences about the intentions of others?'"
    },
    "winograd_q_205": {
        "description": "Response to Winograd question 205: 'Can the participant reason through complex social dynamics in a scenario?'"
    },
    "winograd_q_206": {
        "description": "Response to Winograd question 206: 'Can the participant interpret the actions of others in a given context?'"
    },
    "winograd_q_207": {
        "description": "Response to Winograd question 207: 'Does the participant demonstrate common-sense reasoning in a social scenario?'"
    },
    "winograd_q_208": {
        "description": "Response to Winograd question 208: 'Can the participant predict the outcomes of actions in a complex social scenario?'"
    },
    "winograd_q_209": {
        "description": "Response to Winograd question 209: 'Can the participant reason about the actions of others based on contextual clues?'"
    },
    "winograd_q_210": {
        "description": "Response to Winograd question 210: 'Can the participant predict logical outcomes in a given situation?'"
    },
    "winograd_q_211": {
        "description": "Response to Winograd question 211: 'Does the participant show common-sense reasoning in interpreting a scenario?'"
    },
    "winograd_q_212": {
        "description": "Response to Winograd question 212: 'Does the participant understand logical relationships in a given social scenario?'"
    },
    "winograd_q_213": {
        "description": "Response to Winograd question 213: 'Can the participant make logical inferences about the actions of others in a social scenario?'"
    },
    "winograd_q_214": {
        "description": "Response to Winograd question 214: 'Can the participant reason through the effects of actions in a hypothetical situation?'"
    },
    "winograd_q_215": {
        "description": "Response to Winograd question 215: 'Can the participant predict the outcomes of actions in a complex social situation?'"
    },
    "winograd_q_216": {
        "description": "Response to Winograd question 216: 'Can the participant reason through cause and effect in a social context?'"
    },
    "winograd_q_217": {
        "description": "Response to Winograd question 217: 'Does the participant show evidence of common sense reasoning about everyday situations?'"
    },
    "winograd_q_218": {
        "description": "Response to Winograd question 218: 'Does the participant demonstrate common-sense reasoning in interpreting a social situation?'"
    },
    "winograd_q_219": {
        "description": "Response to Winograd question 219: 'Does the participant demonstrate an understanding of logical relationships in social scenarios?'"
    },
    "winograd_q_220": {
        "description": "Response to Winograd question 220: 'Can the participant resolve ambiguity in a situation involving social interactions?'"
    },
    "winograd_q_221": {
        "description": "Response to Winograd question 221: 'Can the participant reason about the effects of actions in a social context?'"
    },
    "winograd_q_222": {
        "description": "Response to Winograd question 222: 'Can the participant make logical inferences in a complex social situation?'"
    },
    "winograd_q_223": {
        "description": "Response to Winograd question 223: 'Can the participant reason about the actions of others based on contextual clues?'"
    },
    "winograd_q_224": {
        "description": "Response to Winograd question 224: 'Can the participant correctly infer actions based on a given context?'"
    },
    "winograd_q_225": {
        "description": "Response to Winograd question 225: 'Can the participant make logical inferences about the actions of others in a scenario?'"
    },
    "winograd_q_226": {
        "description": "Response to Winograd question 226: 'Can the participant resolve ambiguity in a scenario involving social interactions?'"
    },
    "winograd_q_227": {
        "description": "Response to Winograd question 227: 'Can the participant infer the effects of actions in a social situation?'"
    },
    "winograd_q_228": {
        "description": "Response to Winograd question 228: 'Does the participant demonstrate common-sense reasoning in interpreting a social scenario?'"
    },
    "winograd_q_229": {
        "description": "Response to Winograd question 229: 'Can the participant resolve ambiguity in a scenario involving social interactions?'"
    },
    "winograd_q_230": {
        "description": "Response to Winograd question 230: 'Can the participant make logical inferences based on common sense reasoning?'"
    },
    "winograd_q_231": {
        "description": "Response to Winograd question 231: 'Does the participant demonstrate an understanding of social dynamics in a scenario involving multiple agents?'"
    },
    "winograd_q_232": {
        "description": "Response to Winograd question 232: 'Does the participant demonstrate common-sense reasoning in resolving ambiguity in a social situation?'"
    },
    "winograd_q_233": {
        "description": "Response to Winograd question 233: 'Can the participant reason about the intentions of others based on the given context?'"
    },
    "winograd_q_234": {
        "description": "Response to Winograd question 234: 'Does the participant demonstrate common-sense reasoning in resolving ambiguous social situations?'"
    },
    "winograd_q_235": {
        "description": "Response to Winograd question 235: 'Does the participant understand cause and effect relationships in the given scenario?'"
    },
    "winograd_q_236": {
        "description": "Response to Winograd question 236: 'Can the participant understand the effects of an action based on context?'"
    },
    "winograd_q_237": {
        "description": "Response to Winograd question 237: 'Can the participant interpret the actions of others based on the given context?'"
    },
    "winograd_q_238": {
        "description": "Response to Winograd question 238: 'Can the participant predict outcomes in social situations?'"
    },
    "winograd_q_239": {
        "description": "Response to Winograd question 239: 'Can the participant reason about the consequences of actions in a social scenario?'"
    },
    "winograd_q_240": {
        "description": "Response to Winograd question 240: 'Does the participant demonstrate an understanding of cause and effect in social interactions?'"
    },
    "winograd_q_241": {
        "description": "Response to Winograd question 241: 'Can the participant resolve ambiguity in a scenario involving multiple agents?'"
    },
    "winograd_q_242": {
        "description": "Response to Winograd question 242: 'Can the participant reason about the actions of others based on contextual clues?'"
    },
    "winograd_q_243": {
        "description": "Response to Winograd question 243: 'Does the participant reason about the effects of actions in ambiguous situations?'"
    },
    "winograd_q_244": {
        "description": "Response to Winograd question 244: 'Does the participant understand the social dynamics in a scenario involving ambiguity?'"
    },
    "winograd_q_245": {
        "description": "Response to Winograd question 245: 'Can the participant reason through social interactions in a scenario involving multiple agents?'"
    },
    "winograd_q_246": {
        "description": "Response to Winograd question 246: 'Can the participant infer the correct outcome in a scenario involving social dynamics?'"
    },
    "winograd_q_247": {
        "description": "Response to Winograd question 247: 'Can the participant resolve ambiguity in a scenario involving social dynamics?'"
    },
    "winograd_q_248": {
        "description": "Response to Winograd question 248: 'Can the participant resolve ambiguity in a situation involving social interactions?'"
    },
    "winograd_q_249": {
        "description": "Response to Winograd question 249: 'Can the participant resolve ambiguity in a scenario involving social interactions?'"
    },
    "winograd_q_250": {
        "description": "Response to Winograd question 250: 'Does the participant make logical inferences about the actions of others?'"
    },
    "winograd_q_251": {
        "description": "Response to Winograd question 251: 'Does the participant demonstrate common sense reasoning in social contexts?'"
    },
    "winograd_q_252": {
        "description": "Response to Winograd question 252: 'Can the participant grasp consequences of a hypothetical action?'"
    },
    "winograd_q_253": {
        "description": "Response to Winograd question 253: 'Does the participant understand the effects of an action in a complex scenario?'"
    },
    "winograd_q_254": {
        "description": "Response to Winograd question 254: 'Can the participant reason through ambiguity in a scenario involving social interactions?'"
    },
    "winograd_q_255": {
        "description": "Response to Winograd question 255: 'Does the participant demonstrate an understanding of social expectations in various contexts?'"
    },
    "winograd_q_256": {
        "description": "Response to Winograd question 256: 'Does the participant understand the effects of actions in a hypothetical scenario?'"
    },
    "winograd_q_257": {
        "description": "Response to Winograd question 257: 'Does the participant understand complex cause-and-effect relationships?'"
    },
    "winograd_q_258": {
        "description": "Response to Winograd question 258: 'Can the participant reason about the intentions of others based on context?'"
    },
    "winograd_q_259": {
        "description": "Response to Winograd question 259: 'Can the participant understand cause and effect in everyday situations?'"
    },
    "winograd_q_260": {
        "description": "Response to Winograd question 260: 'Can the participant reason through social interactions in a scenario involving multiple agents?'"
    },
    "winograd_q_261": {
        "description": "Response to Winograd question 261: 'Can the participant make logical inferences about the actions of others in a social scenario?'"
    },
    "winograd_q_262": {
        "description": "Response to Winograd question 262: 'Can the participant infer social expectations from actions?'"
    },
    "winograd_q_263": {
        "description": "Response to Winograd question 263: 'Does the participant understand social norms and expectations in the given scenario?'"
    },
    "winograd_q_264": {
        "description": "Response to Winograd question 264: 'Can the participant reason about the actions of others based on contextual clues?'"
    },
    "winograd_q_265": {
        "description": "Response to Winograd question 265: 'Can the participant understand cause and effect relationships in social settings?'"
    },
    "winograd_q_266": {
        "description": "Response to Winograd question 266: 'Does the participant demonstrate common-sense reasoning in a social situation?'"
    },
    "winograd_q_267": {
        "description": "Response to Winograd question 267: 'Does the participant demonstrate an understanding of cause-and-effect in social interactions?'"
    },
    "winograd_q_268": {
        "description": "Response to Winograd question 268: 'Can the participant reason about the consequences of actions in a social scenario?'"
    },
    "winograd_q_269": {
        "description": "Response to Winograd question 269: 'Can the participant resolve ambiguity in a scenario involving social dynamics?'"
    },
    "winograd_q_270": {
        "description": "Response to Winograd question 270: 'Can the participant reason through social interactions in a scenario involving multiple agents?'"
    },
    "winograd_q_271": {
        "description": "Response to Winograd question 271: 'Can the participant demonstrate logical reasoning about everyday events?'"
    },
    "winograd_q_272": {
        "description": "Response to Winograd question 272: 'Can the participant infer the correct outcome in a scenario involving social dynamics?'"
    },
    "winograd_q_273": {
        "description": "Response to Winograd question 273: 'Can the participant infer the correct outcome in a scenario involving social interactions?'"
    },
    "winograd_q_274": {
        "description": "Response to Winograd question 274: 'Does the participant reason logically in a given social situation?'"
    },
    "winograd_q_275": {
        "description": "Response to Winograd question 275: 'Does the participant interpret the consequences of a hypothetical action?'"
    },
    "winograd_q_276": {
        "description": "Response to Winograd question 276: 'Can the participant reason through social interactions in a scenario involving multiple agents?'"
    }
}
